title,city_location,block_sector,bedroom,bathroom,sqrtFeet,price
Visit This Apartment For Sale In Dakshin Khan Near Nogoriabari Mohammadia Jame Masjid,0,0,2,2,920,15.009433329466965
Flat For Sale In Agargaon Close To Agargaon Jame Masjid,1,1,3,3,1275,15.955576839107596
An Exemplary Flat For You Is Offered By Us Near To NCC Bank Limited,2,2,3,3,2290,16.929025911619092
Ready Apartment For Sale At Ashkona Nearby Chad Jame Masjid,0,3,3,3,1135,15.830413711839864
Buy This 1600 Sq Ft Beautiful Apartment In Uttara-12,3,4,3,3,1600,16.454567959008102
Ready Flat Is Now For Sale In Mirpur Dohs Nearby Mirpur Dohs Central Mosque,4,5,4,4,2200,17.034386422832473
Nearly Finished 1380 Sq Ft Flat For Sale In Aftab Nagar,5,6,3,3,1380,16.066802461833923
1605 Sq Feet | Flat For Sale | Uttara,3,7,3,4,1605,16.648723960844016
"1420 Sq Ft Residential Apartment Is On Sale In Section 6, Mirpur",4,8,3,3,1420,16.195056784687036
"1282 Sq Ft Flat Is Up For Sale In Banasree, Block B",6,2,3,3,1282,15.931766193248746
Buy This 800 Sq Ft Apartment In Mirpur 1,4,9,2,2,800,15.28798284468299
1100 Sq Ft Great Apartment For Sale In Mirpur 1,4,9,3,3,1100,15.687312888712007
1100 Sq Ft Apartment For Sale In Mirpur 1,4,9,3,3,1100,15.687312888712007
Great news! This 800 Sq Ft Home for Sale in Mirpur 1 which can be your next destinati...,4,9,2,2,800,15.28798284468299
In Eastern Pallabi Apartment Can Be Found For Sale Near Pallabi Mazedul Islam Model H...,4,10,3,2,1108,15.520258832020865
"Well Presented, Beautiful Apartment Of 1695 SQ FT Located In Block F, Bashundhara, Dh...",2,11,3,4,1695,16.41820031748273
1500 Square Feet -3 Bedroom Large Residential Apartment For Sale At Aftab Nagar,5,11,3,3,1500,15.925723879522977
"1200 Sq Ft Nice Flat Is For Sale In Mohammadpur, Sat Masjid Housing",7,12,3,3,1200,15.607270193858982
2200 Sq Ft Flat Is Up For Sale In Mirpur DOHS Nearby Mirpur Dohs Central Mosque,4,5,3,3,2200,16.860033043306743
2-Bedroom Apartment Up For Sale In Faydabad near Kophil Market,0,13,2,2,970,15.201805169084134
A 1331 Sq Ft Beautiful Apartment Is Up For Sale At Uttara Near Radical Hospitals,3,4,3,3,1331,16.066802461833923
1422 Sq Ft Residential Space Is For Sale At Badda,8,14,3,3,1422,16.099096402866632
Cozy Apartment Is Up For Sale In Mirpur- 12 Nearby Agrani Bank Limited,4,15,3,3,1100,15.64006001130563
A Very Well-fitted Home Is Here Sited At Uttara Near Uttara 15 Number Sector Central ...,3,16,3,3,1600,16.300417291085605
"An Amazing Flat Of 1,650 sft Is Available For Sale In Uttara-4",3,17,3,3,1650,16.41820031748273
Great Location! Check Out This 1250 Sq Ft Flat For Sale In West Manikdi,9,18,3,3,1250,15.607270193858982
Modern Home For Residents | 1100 Sq Ft -2 Bedroom Flat In Darussalam Is Up For Sale.,4,19,2,2,1100,15.520258832020865
"Establish Your Peace In This Nice 1350 Sq Ft Apartment For Sale At Sector 5, Uttara",3,20,3,3,1350,15.955576839107596
"This 2200 Sq Ft Apartment Comes With Peaceful Living In Mirpur DOHS, Is Up For Sale",4,5,3,3,2200,16.906553056777135
Worthy 1040 SQ FT residence is for sale at Banasree,6,21,3,3,1040,15.687312888712007
"1300 Sq Ft Apartment With Better Residential Features Is Up For Sale In Mirpur, Palla...",4,10,3,3,1300,15.424948670398354
"1300 Sq Ft Residential Apartment With A Good Environment Is Up For Sale In Mirpur, Pa...",4,10,3,3,1300,15.424948670398354
A nicely constructed apartment of 650 SQ FT can be found in Mirpur for sale,4,22,2,2,650,14.914123179965662
1750 Sq Ft Nice Flat For Sale In Uttara-12,3,4,3,3,1750,16.770420889081343
1750 Sq Ft Residential Flat For Sale In Uttara-12,3,4,3,3,1750,16.770420889081343
"A 2440 Sq Ft Flat Is Up For Sale In A Well Secured Location Of Block H, Bashundhara R...",2,23,4,4,2440,17.050259771358842
"1609 Sq Ft Suitable Apartment For Sale In Banasree, Block H",6,23,3,3,1609,16.36495580701484
"1150 Sq Ft Apartment For Sale In East Monipur, Mirpur",4,24,3,3,1150,15.76142084987672
"Lovely Apartment Of 770 Sq Ft Is Up For Sale In Section 6, Mirpur",4,8,2,2,770,15.201805169084134
"1200 Sq Ft Nice Apartment For Sale In East Kazipara, Mirpur",4,25,3,3,1200,15.856731016694035
1425 Sq Ft Apartment For Sale In Mirpur 12,4,15,3,3,1425,16.257857680289998
2280 Square Feet Flat With Various Features Is Available For Sale In Bashundhara R/a,2,26,4,4,2280,17.034386422832473
800 Sq Ft Flat Is Now For Sale In West Ahmed Nagar,4,27,2,2,800,15.201805169084134
Reasonable 1700 SQ FT flat is available for sale in Mohammadpur,7,28,3,3,1700,16.733281344102608
"1000 Sq Ft Flat Of Great Quality Is For Sale In Middle Paikpara, Mirpur",4,29,3,2,1000,15.520258832020865
"Buy This 1155 Sq Ft Apartment In Mirpur-1, South Bishil",4,9,3,3,1155,15.76142084987672
"Live Comfortably In This 1550 Sq Ft Residential Flat, Up For Sale In Mirpur, Baitur R...",4,30,3,3,1550,15.967272877502799
"930 Sq Ft Flat For Sale In Mirpur, Middle Monipur, Baitur Rowshan Jame Masjid Road",4,30,2,2,930,15.46416937585933
"Buy This 850 Sq Ft Unique Apartment In Mirpur, Pallabi",4,10,2,2,850,15.201805169084134
Find 1200 Sq Ft Flat Available For Sale In Paikpara,4,27,3,3,1200,15.520258832020865
Offering You 1200 Sq Ft Flat For Sale In Paikpara,4,27,3,3,1200,15.520258832020865
"Choose Your Destination, 1200 Sq Ft Flat Which Is Available For Sale In Ahmed Nagar",4,27,3,3,1200,15.520258832020865
"In The Location Of Mirpur, Close To Delta Medical College And Hospital A Flat Is Up F...",4,9,3,2,1300,15.76142084987672
Visit This Flat For Sale In Uttara Nearby Shaheed Monsur Ali Medical College And Hosp...,3,31,3,3,1500,16.012735246411598
1530 Sq Ft Flat For Sale In Uttara,3,4,3,4,1530,16.185754392890075
Offering You 1200 Sq Ft Flat For Sale In Paikpara,4,27,3,3,1200,15.607270193858982
"Built With Modern Amenities, Check This Flat For Sale Which Is 1250 Sq Ft In Shah Ali...",4,9,3,3,1250,15.76142084987672
A 1200 Square Feet Large Apartment Is Available For Sale In Baitul Aman Housing Socie...,10,32,3,3,1200,15.663965528349177
This 1280 Sq.Ft Flat In East Monipur With A Convenient Price Is Up For Sale,4,24,3,2,1280,15.424948670398354
An Apartment Is Up For Sale In Kallyanpur.,4,33,3,3,1430,15.964944588014255
See This Apartment Which Is Up For Sale In West Shewrapara Near Shewrapara Central Ja...,4,34,3,3,850,15.76142084987672
Buy This 1300 Sq Ft Apartment In The Serene Placement Of Mirpur-1,4,9,3,3,1300,15.943742382861155
An Apartment Which Is Up For Sale At Mirpur Near To Mirpur Adhunik Hospital And Diagn...,4,15,3,3,1400,15.607270193858982
An Apartment Of 1250 Sq.Ft Is Up For Sale In Mirpur Section 11.,4,22,3,3,1250,15.424948670398354
1450 Sq Ft Remarkable Flat Is Up For Sale In Ashkona Nearby Hajj Camp Masjid.,0,3,3,2,1450,16.05887639739914
"1400 Sq Ft Apartment Is Ready For Sale At Mirpur, Near Mirpur Adhunik Hospital",4,15,3,3,1400,15.912300860828838
We Bring You A Nice Residence Of 1200 Sq Ft For Sale In Mirpur -12,4,15,3,3,1200,15.702580358511794
Vacant Now! This 1100 Sq Ft Flat For Sale With Lovely Facilities At Mirpur DOHS,4,5,2,2,1100,16.012735246411598
An Apartment Which Is Up For Sale At Rupnagar R/A Near To Rupnagar Jame Masjid.,4,35,2,2,650,14.690979711984754
A Convenient 650 Sq Ft Residential Apartment Is Prepared To Be Sold At Mirpur-11,4,22,2,2,650,15.009433329466965
Residential Apartment For Sale At Ahmed Nagar Nearby Daud Khan Mosjid,4,27,3,2,1100,15.250595321348806
"925 Sq Ft Apartment For Sale In Section 11, Mirpur",4,22,3,2,925,15.53827733427679
A Fine 1654 Sq Ft Flat Is Now For Sale Which Is In Uttara Sector 18.,3,36,3,4,1654,15.955576839107596
"Reside Conveniently In This Well Constructed Flat For Sale In Bashundhara, Near Viqua...",2,11,3,4,1796,16.454567959008102
A Decent 1560 Sq.Ft And 3 Bedroom Flat Is Available For Sale In PC Culture Housing .,7,37,3,4,1560,16.118095750958314
Offering You A 1370 Sq Ft Flat For Sale In Mirpur-2,4,38,3,3,1370,15.955576839107596
860 Sq Ft Apartment Is For Sale In Mirpur-1,4,9,2,2,860,15.536490024022143
We Have A 1133 Sq.Ft Flat For Sale In The Location Of Shapla Housing.,1,1,3,3,1133,15.645127792723562
"Buy This 350 Square Feet Apartment In Bashundhara R-a, Block C",2,39,1,1,350,15.520258832020865
Flat For Sale In Mirpur Near Gudara Ghat Wasa Pump,4,38,2,2,650,14.914123179965662
Spacious 2475 Square Feet Apartment For Sale In Bashundhara R-a,2,40,3,4,2475,16.97251102166758
A Modern Well-planned Flat Of 1256 Sq Ft Is Up For Sale Is Situated In Aftab Nagar,5,23,3,2,1256,15.687312888712007
690 Sq Ft Apartment For Sale In Mirpur 13,4,41,2,2,690,14.914123179965662
Lovely Apartment Covering An Area Of 1260 Sq Ft Is Up For Sale In Uttara Near Uttara ...,3,20,3,3,1260,15.76142084987672
At Senpara Nice Flat Up For Sale Near Mother Care International School,4,42,3,3,1275,15.789591722875162
Discover Your Ideal 2650 Sq Ft Flat For Sale In Bashundhara R-A Today!,2,43,4,4,2650,16.860033043306743
Contact Us To Buy This 2700 Sq Ft House Which Is Now Available In Bashundhara R-a,2,44,4,4,2700,17.0926553286923
1800 SQ FT flat is now for sale in Pirerbag,4,45,4,4,1800,16.012735246411598
"Buy This 600 Square Feet Apartment In Mirpur, West Shewrapara",4,34,2,1,600,14.508658238524095
In Mirpur this flat is up for sale which is 930 SQ FT,4,46,3,3,930,15.176487367510099
Evaluate This 650 Square Feet Apartment For Sale In Mirpur,4,22,2,2,650,14.690979711984754
An Apartment Which Is Up For Sale in Mirpur Near To Popular Hospital,4,10,3,3,1850,16.097893045681612
Well Structured Flat for Sale in Badda close to Sahaba Jame Mosjid,8,47,3,3,1396,16.084952535734917
A well-constructed 2415 SQ FT flat is for sale in Bashundhara R-A,2,43,3,4,2415,17.05418904934434
"Plan to move in this 1463 SQ FT flat which is up for sale in Mirpur, 2nd Colony",4,46,3,3,1463,15.582294212003887
A 3 Bedroom Apartment Is Up For Sale In Middle Monipur Near Monipur High School And C...,4,30,3,3,1200,15.501909696719672
3 Bedroom Apartment Is For Sale In Middle Monipur Near Monipur High School And Colleg...,4,30,3,3,1200,15.501909696719672
1100 SQ FT flat is now for sale in Mirpur near to Life Aid Specialized Hospital,4,30,3,2,1100,15.414898336565054
Get Comfortable In A Flat For Sale In Faydabad Nearby Faidabad Central Eidgah Maidan,0,13,2,2,600,14.873301199334291
At Bashundhara 1500 Square Ft Residential Apartment Is Available For Sale,2,11,3,3,1500,16.341239282272525
Exquisite Flat For Sale In Ashkona Nearby Bangamata Sheikh Fozilatunnessa High School,0,3,3,2,1240,15.902424238552282
"An Apartment Is Ready For Sale At Mohammadpur , Near Market Camp Masjid.",7,48,2,2,700,15.068273812173887
A Well Constructed 1065 Sq Ft Flat Is Ready For Sale In Banasree Close To Meradia Kac...,6,6,3,2,1065,15.607270193858982
"A Nice House Is Available For Sale At Faydabad , With An Affordable Deal",0,13,2,2,600,14.77102238760702
"A Nicely Build 1050 Sq Ft Apartment Is Vacant For Sale In Mirpur, Turag City",4,9,2,2,1050,15.520258832020865
"Make this 1310 SQ FT flat your next residing location, which is up for sale in Mirpur",4,33,3,3,1310,16.034714150714915
"A 1220 Sq. Ft. Residential Apartment Is For Sale At Banasree , Main Road .",6,11,3,3,1220,16.066802461833923
Get Hold Of This 650 Sq Ft Residential Flat For Sale In Mirpur-6,4,8,2,2,650,14.845130332288226
"1310 Square Feet Flat Is Available For Sale In Bashundhara R-a, Block J",2,49,3,3,1310,16.300417291085605
"Buy This 1310 Square Feet Flat In The Prominent Location Of Bashundhara R-a, Block J",2,49,3,3,1310,16.100440817500765
Live With Your Family In This Cozy 650 Sq Ft Residential Flat For Sale In Mirpur-6,4,8,2,2,650,14.845130332288226
Affordableble 765 Sq Ft Apartment Is Up For Sale In West Agargaon,1,1,2,2,765,15.46561064414797
Wonderful 895 SQ FT home is available for sale in Agargaon,1,1,2,2,895,15.520258832020865
"Buy This 1465 Sq Ft Residential Flat In Mirpur, Pallabi",4,10,3,3,1465,15.967272877502799
Very Next To North South International School 1400 Square Feet Large Apartment Is For...,4,34,3,3,1400,15.656060350091908
Attention Home Finders! A 1400 Sq.ft Flat Is Up For Sale In West Shewrapara Close To ...,4,34,3,3,1400,15.656060350091908
At West Shewrapara 1400 Square feet flat is available for sale,4,34,3,3,1400,15.943742382861155
"In Wasa Road, West Shewrapara 1350 SQ FT flat is available for sale",4,34,3,3,1350,15.910456409256991
Impressive Flat Of 1375 Sq Ft Is Up For Sale In Shahjadpur Near Eidgah Mosque,8,50,3,3,1375,16.493101620310295
Welcome You A Cozy Apartment Placed In Mirpur Near Eastern Housing,4,10,2,2,850,15.009433329466965
A 1420 Sq. Ft Brand New Apartment Which Is Up For Sale At Pallabi Near To Popular Hos...,4,10,3,3,1420,15.919644834185693
Beautiful And Well-constructed Flat Is Ready For Sale At Shahjadpur Nearby Shahjadpur...,8,50,3,3,1475,16.559571260898196
2036 Square Feet Flat With 4 Bedrooms Is Available For Sale In Bashundhara R-a,2,49,4,4,2036,16.648723960844016
Completely Suitable And Ready Flat Of 2200 Sq Ft For Sale In Mirpur Dohs Near Agrani ...,4,5,4,4,2200,16.906553056777135
An Apartment Of 1425 Sq.Ft Which Is Up For Sale At Dhanmondi Near To West Dhanmondi J...,11,51,3,3,1425,16.115592620990824
An Apartment Which Is Up For Sale At Mohammadpur Near To Katashur Shahi Jam&#039;e Mo...,7,52,2,2,900,15.607270193858982
Check this apartment for sale at Mirpur near Shahidbag Masjid,4,15,2,2,650,14.603968372873895
Reside Conveniently In This Well Constructed 665 Sq Ft Flat For Sale In Mirpur Near A...,4,25,2,2,665,15.150511887854474
Check This Fine Looking Flat Of 1250 Sq Ft Offered For Sale In Ali And Nur Real Estat...,7,53,3,3,1250,16.066802461833923
At Shahjadpur A 2050 Square Feet Spacious Residential Apartment Is For Sale.,8,50,3,3,2050,16.785925074816024
"This 1637 Sq Ft Flat Is Ready For Sale In Uttara Sector 4, Near Uttara Central Masjid",3,17,3,4,1637,16.410765339548004
Reasonable 1600 Sq Ft Flat Is Available For Sale In Badda Near To Badda Post Office,8,54,4,3,1600,16.300417291085605
3 Bedroom Flat In Uttar Badda Is Now For Sale Nearby Sadhinata Sarani Ideal School,8,55,3,3,1100,15.615568995296266
"Close To Shadhinota Sharani Jame Masjid, An Apartment For Sale Is Available In Badda.",8,55,3,3,1100,15.615568995296266
1200 Sq Ft Residential Apartment For Sale In The Location Of Mirpur-10,4,42,3,3,1200,15.76142084987672
Offering You 1150 Sq Ft And 3 Bedroom Apartment For Sale In Uttara - Sector 10.,3,31,3,3,1150,15.520258832020865
A Beautifully Constructed Apartment Of 1115 Sq Ft Is Vacant Right Now For Sale In Blo...,2,49,3,2,1115,16.300417291085605
1120 Sq Ft Amazing Flat Is For Sale In Dhanmondi,11,56,3,2,1120,16.11308320963728
Offering You 2400 Sq Ft Flat For Sale In Aftab Nagar,5,23,3,3,2400,16.811242881518265
Property In Aftab Nagar– 1500 Sq Ft Flat For Sale,5,23,3,3,1500,16.213405921671733
Uttara Is Offering You A 1450 Sq Ft Residential Apartment Up For Sale,3,31,3,3,1450,16.066802461833923
"In The Location Of Mirpur, Close To Masjidul Akbar A Flat Is Up For Sale",4,9,3,3,2000,16.257857680289998
A 1220 Sq Ft Home Is Available To Sale In West Shewrapara,4,34,3,2,1220,15.424948670398354
A Standard Apartment In Mirpur Near To M.A Zabbar Memorial High School Is Up For Sale,4,45,2,2,740,15.201805169084134
A Fascinating Apartment In Dakshin Khan Near To Ark Hospital Is Ready For Sale,0,57,3,3,1320,15.424948670398354
Commodious 1590 Sq Ft Flat For Sale In Banasree,6,2,3,3,1590,16.231424425551033
"Grab This 800 Square Feet Apartment For Sale In Bashundhara, Block J",2,49,2,2,800,15.967272877502799
"2000 Sq Ft Flat For Sale In Banasree, Block A",6,43,4,4,2000,16.88356353960952
1505 Sq Ft Apartment Is Available For Sale In Uttara 13,3,58,3,3,1505,16.41820031748273
"Have A Look At This 2105 Sq Ft Property Which Is Up For Sale Located At Block K, Bash...",2,44,3,4,2105,16.785925074816024
"An Apartment Of 800 Sq.ft Is Up For Sale At North Circular Road, Dhanmondi",11,59,2,2,800,15.710127563007966
Visit This Apartment For Sale In East Shewrapara Near Haji Ashraf Ali High School.,4,60,3,2,950,15.201805169084134
1274 Sq Ft 3 Bed Apt. Is Available For Sale In Banasree,6,61,3,3,1274,16.166885910365842
"1331 Sq Ft Apartment Is Now Available For Sale In Sector 4, Uttara",3,17,3,4,1331,16.588099342704055
"960 Sq Ft Apartment For Sale In North Pirerbag, Mirpur",4,45,3,2,960,15.53827733427679
A Nicely Constructed Apartment Of 1090 Sq Ft Is Available Right Now For Sale In Aramb...,4,10,3,3,1090,16.166885910365842
"Smartly Priced Residence Of 650 Sq Ft Is Available For Sale In Mirpur 12, That You Sh...",4,15,2,2,650,14.978661680269907
"Get A Look At This Lovely Flat For Sale Featuring 1076 Sq Ft In Sector 5, Uttara",3,20,2,2,1076,16.213405921671733
1050 SQ FT flat is now Vacant for sale in West Monipur,4,62,3,2,1050,15.36837833055017
A 1330 Square Ft. Apartment Is For Sale At Banasree,6,2,3,3,1330,15.882373444019521
"1300 Sq Ft Residential Apartment Is Up For Sale At Uttara, Sector 10",3,31,3,3,1300,15.894952224644102
1040 Sq Ft Properly Developed Flat For Sale In Rajanigandha Residential Area,4,63,2,2,1040,15.687312888712007
"1000 Sq Ft Apartment For Sale In Pallabi, Mirpur",4,10,2,2,1000,15.520258832020865
"This Very Nice Flat Of 1100 Sq Ft Is Up For Sale In West Monipur, Mirpur",4,62,3,2,1100,15.345905479508115
"2125 Square Feet Apartment For Sale In Bashundhara R-a, Block L",2,40,3,3,2125,16.811242881518265
"1701 Sq Ft Apartment With Nice Rooms Is Ready For Sale In Mohammadpur, Iqbal Road",7,64,3,4,1701,17.04235459216419
1300 Sq Ft Flat For Sale In Banasree,6,2,3,3,1300,15.86963441986494
"In A Great Location Of Bashundhara R-a, Block H, 1610 Sq Ft Apartment Is Up For Sale",2,23,3,3,1610,16.388122864507256
You can buy this lovely apartment of 2180 sq ft to live a relaxed life at Bashundhara...,2,49,4,4,2180,16.677711496036597
Dhanmondi Is Offering A 1500 Sq Ft Flat For Sale To Pick It For Your Next Home.,11,65,4,5,1500,16.88356353960952
A well-constructed 1395 SQ FT flat is for sale in Banasree,6,2,3,3,1395,16.24031337217814
"Buy This 1550 Square Feet Flat In Banasree, Block A",6,43,3,3,1550,16.41820031748273
Offering you 750 SQ FT flat for sale in Uttara 10,3,31,2,2,750,15.64006001130563
Visit This 2343 Sq Ft Flat For Sale In Uttara Sector 6.,3,66,3,3,2343,16.906553056777135
1050 Square Feet Residential Apartment For Sale At West Kazipara Nearby Baish Bari Ma...,4,67,3,2,1050,15.64006001130563
"Get Ready To Buy This Great Home Of 860 sft In Mirpur, Rupnagar R/a",4,35,2,2,860,15.404745967162468
An Impressive 1230 Sq Ft Residential Apartment Is Up For Sale In The Center Of East S...,4,60,3,3,1230,15.816990693309524
An Attractively Designed 1250 Sq Ft Apartment For Sale In Mirpur Section 10,4,42,3,3,1250,15.86963441986494
Apartment For Sale Is All Set For You To Settle In Uttara Close To Trust Bank Limited...,3,31,3,3,1320,16.02707636210017
Pursue This 1383 Square Feet Apartment Ready For Sale In Dhanmondi,11,51,3,3,1383,16.195056784687036
A 2000 Sq Ft Flat Is Up For Sale In A Well Secured Location Of Bashundhara R-a,2,2,4,4,2000,16.906553056777135
High Standards Of Living – 2000 Sq Ft Flat For Sale In Aftab Nagar,5,23,4,3,2000,16.811242881518265
2200 Sq Ft Flat Is Now For Sale Which Is In Bashundhara R-a,2,68,4,4,2200,16.61887099947687
Express Your Individuality At This 1400 Sq.ft Apartment Which Is Vacant For Sale In T...,4,69,3,3,1400,15.656060350091908
"750 Sq Ft Apartment For Sale In Ahmed Nagar, Mirpur",4,27,3,2,750,15.46416937585933
Plan To Move In This 990 Sq Ft Flat Which Is Up For Sale In Bochila,7,70,3,3,990,15.38412668421143
A 600 Square Feet Apartment At Bochila City Developers Ltd For Sale,7,70,2,1,600,14.914123179965662
Buy This Amazing 1050 Sq Ft Apartment At Mirpur,4,46,3,2,1050,15.38412668421143
Looking For A Tasteful Home For Sale In Faydabad ? Check This One,0,13,2,2,600,14.77102238760702
"1560 Square Feet Apartment For Sale In The Great Area Of Bashundhara R-a, Block L",2,40,3,3,1560,16.454567959008102
1650 Sq Ft Amazing Flat For Sale In Uttara-11,3,7,3,3,1650,16.489659276356317
945 SFT Budget-Friendly Apartment For sale At Uttara,3,71,3,32,945,15.687312888712007
Check This 1250 Sq Ft Apartment Up For Sale At Ashkona Near Hajj Camp Masjid.,0,3,3,2,1250,15.955576839107596
"1280 Sq Ft Residential Flat With 3 Balconies For Sale In Mirpur, Section 10, Senpara ...",4,42,3,3,1280,15.76142084987672
In The Fine Location Of South Monipur A 1000 Sq Ft Apartment Is All Set For Sale,4,69,2,2,1000,15.319588176962746
Convenient 800 Square Feet Apartment For Sale In Dhanmondi,11,59,2,2,800,15.754252361425857
"Plan To Move In This 945 Sq Ft Flat Which Is For Sale In Section 11, Mirpur",4,22,3,2,945,15.64006001130563
Check This Flat In Mirpur For Sale Which Is Ready To Move In,4,22,3,2,820,15.607270193858982
Let Us Assist You To Buy This 1510 Sq. Ft Flat At South Pirerbag Near To Fulki Nurser...,4,45,3,3,1510,15.919644834185693
"Build Your Residence In This 2100 Sq Ft Apartment For Sale In Banasree, Block E",6,6,4,4,2100,16.454567959008102
2375 Sq Ft Elegant Flat For Sale In Uttara Sector 5.,3,20,4,3,2375,16.906553056777135
"This 850 Sq Ft Apartment Comes With Peaceful Living In Mirpur10-Block A , Is Up For S...",4,42,2,2,850,15.607270193858982
"1100 Sq. Ft. Flat For Sale At Shimultola Road, Pirerbag",4,45,3,2,1100,15.46416937585933
A Must See 1350 Sq Ft Apartment For sale Is All Set For You To Settle In Bashundhara ...,2,39,3,3,1350,16.380459992348886
A Newly Constructed Apartment In North Pirerbag Is Available For Sale Which Is 1050 S...,4,45,3,3,1050,15.319588176962746
Take This Residential Flat Is For Sale At Uttara Area Nearby Tanjimul Ummah Alim Madr...,3,72,3,4,2150,16.97251102166758
1802 SQ FT Apartment for Sale in Uttara nearby Police Station,3,17,3,3,1802,16.588099342704055
Ready To Move |2004 Sq Ft Apartment | Well Maintained In Uttara,3,17,3,4,2004,16.677711496036597
"Get This Well Defined 1913 Sq Ft Flat For Sale In Uttara, Sector 4",3,17,3,4,1913,16.796129244469636
"1575 Square Feet Flat Is Available For Sale In Bashundhara R-a, Block L",2,40,3,3,1575,16.316946591670696
This 1517 Sq Ft Residential Apartment In Uttara Is Ideal For Selling Purposes And Is ...,3,31,3,3,1517,16.213405921671733
Take A Look At This 1890 Sq Ft Well Defined Flat Which Is Up For Sale In West Kazipar...,4,67,3,3,1890,16.811242881518265
1500 Sq Ft Ready Flat For Sale In Uttara-13,3,58,3,4,1500,16.41820031748273
"View This 1485 Sq Ft Apartment For Sale In Mohammadpur, Jahuri Moholla",7,73,3,3,1485,16.395727463314174
1485 Sq Ft Apartment With 3 Bedrooms For Sale In Mohammadpur,7,73,3,3,1485,16.395727463314174
1440 Sq Ft Residential Property For Sale In Bashundhara R- A Near Ncc Bank Limited,2,2,3,3,1440,16.380459992348886
Decent 1100 Sq Ft Residential Flat For Sale In Banasree,6,21,3,2,1100,15.882373444019521
For Selling Purpose This Flat Is Now Vacant In The Location Of South Monipur .,4,69,3,3,1400,15.656060350091908
"A 1160 Sq Ft Flat Is Up For Sale In A Well Secured Location Of Section 1, Mirpur",4,9,3,3,1160,15.894952224644102
Buy This Flat At South Monipur For The Ideal Urban Lifestyle You Dream About.,4,69,2,2,1000,15.319588176962746
Worthy 1250 SQ FT Nice home is ready for sale at Mirpur 15,4,63,4,4,1250,16.341239282272525
"Offering You 1100 Sq Ft Nice Apartment For Sale In Ranavola, Sector 10, Uttara.",3,31,3,3,1100,15.520258832020865
"Strongly Constructed 1100 Sq Ft Home Is Available To Sale In Uttar Badda, Old Thana R...",8,55,3,3,1100,15.483217567201578
"This 1595 Sq Ft Apartment Is Ready For Sale In Baitul Aman Housing Society, Adabor",10,32,3,3,1595,16.234277494279066
2550 Sq Ft Amazing Apartment Is Ready To Sale In Dhanmondi,11,56,4,5,2550,17.341871111992198
A 950 Sq Ft Nice Apartment Is Up For Sale In Shekhertek Near Masjid Aat Takwah.,7,74,2,2,950,15.46416937585933
656 Square Feet Apartment Is Up For Sale At Rupnagar R/a,4,35,2,2,656,14.731801689838349
Valuable 1970 Square Feet Apartment For Sale In Bashundhara R/A,2,39,3,4,1970,16.860033043306743
Property For Sale In Mohammadpur – 1450 Sq Ft Apartment,7,37,3,3,1450,16.300417291085605
"Plan To Move In This 1350 Sq Ft Flat Which Is For Sale In Block K, Bashundhara R/A",2,44,3,3,1350,16.300417291085605
This 1872 Sq.Ft Flat In Bijoy Rakeen City With A Convenient Price Is Up For Sale,4,63,3,3,1872,16.41820031748273
1695 Square Feet Suitable Flat Is Available For Sale In Bashundhara R-a,2,49,3,3,1695,16.61887099947687
"Take A Look At This 1300 Sq Ft Well Defined Flat Which Is Up For Sale In Section 2, M...",4,38,3,3,1300,16.166885910365842
Buy This 1309 Sq Ft Ready Flat In Uttara-10,3,31,3,3,1309,16.300417291085605
"1225 Sq Ft Apartment Is Ready For Sale In Mirpur, Kallyanpur",4,33,3,3,1225,15.894952224644102
"Smartly priced 1553 SQ FT flat, that you should check in Kallyanpur",4,33,3,3,1553,16.034714150714915
Worthy 925 Sq Ft Residence Is For Sale At Banasree,6,49,2,2,925,15.732433317205148
Buy This 1200 Sq Ft Apartment In The Nice Area Of Mirpur,4,27,3,3,1200,15.607270193858982
Modest 1200 Sq Ft Residential Apartment For Sale In North Adabor,10,75,3,3,1200,16.007164201982874
"Looking For A New Place? Try Us, As We Have This 970 Sq Ft Apartment Ready For Sale A...",4,9,2,2,970,15.38412668421143
"1100 Sq Ft Apartment Is For Sale In Mirpur, Section 1",4,9,3,2,1100,15.671808704579888
At Mirpur DOHS 1045 Square feet flat is available to Sale close to Mirpur DOHS Centra...,4,5,3,2,1045,16.213405921671733
"Offering You 650 Sq Ft Flat For Sale In Mirpur, Rupnagar R/a.",4,35,2,2,650,14.978661680269907
Your Desired Large 2 Bedroom Home In Rajanigandha Residential Area Is Now Vacant For ...,4,63,2,2,1015,15.687312888712007
1850 Sq Feet Residential Apartment For Sale In Uttara,3,7,3,4,1850,16.588099342704055
"Covering 2150 Sq Ft Flat Is Ready To Sale In Block K, Bashundhara R-A",2,44,3,4,2105,16.785925074816024
1250 Sq Ft Flat For Sale In Pallabi Near Baitul Ibada Mosjid,4,10,3,3,1250,15.520258832020865
"A Nice 955 Square Feet House Is Available For Sale At South Pirerbag, With An Afforda...",4,45,3,2,955,15.424948670398354
Grab This 2140 Sq Ft Residential Flat Up For Sale In Badda,8,76,4,4,2140,16.588099342704055
A 860 Square Feet Apartment Is For Sale In The Location Of Rupnagar R/A.,4,35,2,2,860,15.319588176962746
View This 1254 Sq Ft Apartment Is Available For Sale At Cantonment,9,18,3,3,1254,15.520258832020865
"Find a Home in this Masterpiece of a Flat in 1,150 Sq. Ft. Near Green Pharmacy",1,77,4,2,1350,15.820363377333162
"A Comfortably Planned Flat of 1,150 Sq. Ft. is up for Sale Now In Agargaon",1,77,4,2,1350,15.820363377333162
An Apartment Which Is Up For Sale At Mirpur Near To Aloron International School &amp;...,4,27,3,3,1400,15.76142084987672
"In The Location Of Cantonment , Close To Alabdirtek Jame Mosque A Flat Is Up For Sale",9,78,3,2,1070,15.150511887854474
Visit This Apartment For Sale In Mirpur Near Mirpur Adhunik Hospital And Diagnostic C...,4,15,3,3,1250,16.012735246411598
Flat For Sale In Mirpur Near Progoti High School,4,22,2,2,780,14.953343880298434
In Mirpur Apartment Can Be Found For Sale Near Shaheed Zia Girls Laboratory School,4,15,2,2,650,14.603968372873895
An Apartment Which Is Up For Sale At Mirpur Near To M.D.C. Model Institute,4,15,2,2,650,14.648420115681892
Visit this apartment for sale of 1703 SQ FT in Mirpur near Jannat Academy High School...,4,22,3,3,1703,15.996560698155097
"At Mohammadpur, Nice Flat Up For Sale Near Millennium Heart &amp; General Hospital Lt...",7,79,2,2,1050,15.520258832020865
1332 Sq Ft Residential Apartment Is Up For Sale In Dakkhin Paikpara,4,80,3,3,1332,15.537276834121958
"Covering 1360 Sq Ft Space A Flat Is Up For Sale In Block I, Bashundhara R-a",2,68,3,3,1360,16.118095750958314
1300 Sq.ft Apartment Is Available For Sale In West Manikdi Which Is Tailored To Your ...,9,18,3,3,1300,15.424948670398354
Available In Darussalam 1485 Sq Feet Flat For Sale,4,19,3,3,1485,15.915612324784387
1390 Sq Feet Flat For Sale Very Near To Darussalam Government Primary School,4,19,3,3,1390,15.852175200751187
At Uttara-12 We Have A 1050 Sq.Ft Ready Flat For Sale.,3,4,3,2,1050,15.520258832020865
Visit This Apartment For Sale In Mirpur Near Halim Foundation Model High School,4,34,4,4,1451,15.830413711839864
"This Ready Apartment At Mirpur, Near Masjidul Juma Is Up For Sale.",4,15,2,2,650,14.80876270134486
"An Apartment Is Ready For Sale At West Shewrapara, Near Baitul Shako Masjid",4,34,3,2,1000,15.319588176962746
An apartment located on Mirpur near to BSMR Maritime University is waiting for you to...,4,10,3,3,1245,15.319588176962746
"Grab This 1310 Sq Ft Amazing Flat For Sale In Bashundhara R-a, Block J",2,49,3,4,1310,16.118095750958314
Flat For Sale In Arambag R/a Near Al Arabia Jame Masjid And Madrasa,4,81,3,3,1310,15.790285926208256
2100 Square Feet Flat For Sale In Bashundhara,2,43,3,4,2100,16.955776025521875
"A 800 Sq Ft Flat For Sale In Mirpur, Kazipara Nearby Kazipara Bus Stop",4,67,2,2,800,15.250595321348806
Create Your Satisfactory Homely Moments In This 650 Square Feet Apartment For Sale,4,22,2,2,650,14.77102238760702
The Residential Apartment Is Up For Sale In Cantonment Near Matikata Road,9,82,3,2,1100,15.520258832020865
Flat For Sale Covering A Beautiful Area In Shahjadpur Nearby University Of Informatio...,8,50,3,3,1495,16.572350986727976
1316 Sq Ft Fine Flat Is Now For Sale Which Is In Bashundhara R/a Near To Iub,2,39,3,4,1316,16.41820031748273
Apartment For Sale In Mirpur Nearby Dbbl Mobile Banking Office,4,42,2,2,650,14.914123179965662
"1350 Square Feet Flat With 3 Bedrooms Is Available For Sale In Bashundhara R-a, Block...",2,26,3,3,1350,16.066802461833923
"1125 Sq Ft Modest Apartment For Sale In Dakshin Khan, Kawlar",0,83,3,3,1125,15.36837833055017
Nice 1350 SQ FT flat is available for sale in Mirpur,4,84,3,3,1350,16.077273760604726
A Must See This Apartment For Sale Is All Set For You In Agargaon Near Bangladesh Ele...,1,85,3,3,1356,15.86963441986494
"Wonderful 1400 Sq Ft Flat Is Up For Sale In South Banasree Project, Block J",6,21,3,3,1400,15.76142084987672
1350 Square Feet Residential Flat Is Now Up For Sale In Bashundhara Near Independent ...,2,26,3,3,1350,16.300417291085605
3 Bedroom Flat For Sale In Agargaon Near Agargaon Adarsha High School,1,77,3,3,1230,15.671808704579888
Visit This Apartment For Sale Of 1611 Sq Ft In Mirpur Near Orchid Community Center.,4,8,3,4,1611,16.5563506464056
Flat For Sale Covering A Beautiful Area In Badda Nearby Sadhinata Sarani Ideal School,8,55,3,2,1100,15.615568995296266
1252 Sq.Ft Apartment for Sale in Badda nearby Badda Post Office,8,55,3,3,1252,15.76142084987672
An Apartment Which Is Up For Sale At Ahmed Nagar Near To Ahmed Nagar Darul Islam Jame...,4,27,3,2,1276,15.201805169084134
Visit This Apartment For Sale In Mirpur Near Janata Bank Limited.,4,9,2,2,650,14.557448378884015
Near Pallabi Police Station Visit This Apartment For Sale In Mirpur,4,15,2,2,650,14.508658238524095
"Apartment Up For Sale In Mirpur, Near Baitur Rahmat Jame Masjid",4,81,2,2,1000,15.201805169084134
"Start A New Home, In This 2900 Sq Ft Flat For Sale In Bashundhara R/A Block C, Near I...",2,39,4,5,2900,17.370858648025116
"A 2300 Square Ft. Residential Apartment For Sale At Bashundhara R-A, Block J.",2,49,4,4,2300,16.52356082573315
"A 2200 Sq Ft Residential Apartment Is Up For Sale At Block J, Bashundhara R-a",2,49,4,4,2200,16.677711496036597
1360 SFT Flat is Ready To Sale At Uttara Sector 4.,3,17,3,3,1360,16.380459992348886
Obtain This Well Fitted Flat Of 1860 Sq Ft Which Is Up For Sale In Bashundhara R-a,2,49,3,3,1860,16.300417291085605
This Wonderful Flat Is Set For Sale With An Amazing Floor Plan Which Is 1800 Sq Ft In...,4,45,3,4,1800,15.830413711839864
"Graceful Apartment Of 2500 Sq Ft Is Prepared For Sale In Sector 7, Uttara",3,72,4,4,2500,16.906553056777135
In Darussalam This 1485 Sq Feet Flat For Sale,4,19,3,3,1485,15.915612324784387
A 3 Bedroom Residential Apartment For Sale At Bashundhara Next To Sunnydale School .,2,11,3,4,2230,16.86951178681205
A well-constructed 2100 SQ FT flat is for sale in Bashundhara R-A,2,49,3,3,2100,16.572350986727976
"A well-constructed 2100 SQ FT flat is for sale in Bashundhara R-A, Block J",2,49,3,3,2100,16.572350986727976
800 Sq Ft Flat Is Ready For Sale At Mohammadpur,7,86,2,2,800,14.978661680269907
In Darussalam A Residential Apartment For Sale,4,19,3,3,1485,15.915612324784387
We Have A 1700 Sq.ft Flat For Sale In The Location Of Amtala Bazar.,4,45,4,3,1700,15.789591722875162
Visit This Apartment For Sale In Bochila City Developers Ltd,7,70,3,3,1400,15.552461966753656
"If You Want To Reside In Mirpur DOHS, Check This 1100 Sq Ft Flat Which Is Up For Sale...",4,5,3,2,1100,16.066802461833923
Find 1580 Sq Ft Flat Available To Sale In Bashundhara R-a Near To Nsu,2,43,3,4,1580,16.118095750958314
Apartment For Sale In Aftab Nagar Nearby Blcs Institute &amp; Hospital,5,11,3,3,1550,16.066802461833923
"Offering You A Small Nice Flat For Sale In A Reasonable Price In Mirpur 12, Near Mirp...",4,15,2,2,650,14.648420115681892
"An Apartment Is Ready For Sale At Mohammadpur , Near Sehabiya Darbar Sharif",7,87,2,2,900,15.201805169084134
Check this 1584 SQ FT apartment up for sale at Mirpur very near to Aklima General Hos...,4,38,3,4,1584,16.300417291085605
"An apartment ready for sale at Mirpur, near Mainuddin Medical Hall",4,42,2,2,650,14.914123179965662
"Apartment for sale includes 1578 SQ Ft at Mirpur, near Shah Ali Police Station",4,38,3,4,1578,16.300417291085605
Choose Your Destination At This Nice Flat Which Is Available For Sale In Uttara Near ...,3,88,3,3,1500,15.990262393084793
"2300 Sq Ft Flat With Comfiest Home Facilities, Is Up For Sale In Bashundhara R-a, Blo...",2,49,4,4,2300,16.52356082573315
2200 Sq Ft Apartment Is Ready For Sale In Mirpur Dohs,4,5,3,4,2200,16.811242881518265
Exclusive 1000 Sq Feet Apartment Is Up For Sale In South Badda Near Sahaaba Jaam-e Ma...,8,89,3,2,1000,15.76142084987672
"The Pursuit To Find A Decent Flat In A Good Environment Like Cantonment, West Matikat...",9,90,3,3,1515,15.830413711839864
1412 Square Feet Apartment Is Up For Sale At Mirpur,4,34,3,3,1412,15.76142084987672
Grab This 1300 Square Feet Apartment For Sale At Mirpur,4,22,3,3,1300,15.581952390148196
Amazing 1300 Square Feet Apartment Is Up For Sale At Mirpur,4,22,3,3,1300,15.512959530871255
A well-constructed 1300 SQ FT apartment is ready for sale in Adabor,10,32,3,3,1300,15.739759356223798
Your Desired Large 2 Bedroom Home In Mohammadpur Very Close To Mohammadpur Police Cam...,7,91,2,2,850,15.444751293772967
We Have A 650 Sq.Ft Flat For Sale In Mirpur Nearby Baitul Aman Jame Moshjid.,4,15,2,2,650,14.731801689838349
Grab This Flat Up For Sale In Mohammadpur Near Dutch-bangla Bank Limited,7,91,3,3,1155,15.821036551283434
Flat for Sale in Mirpur close to City Bank,4,15,2,2,727,14.882976461514442
"Nice Flat Can Be Found In Uttara For Sale, Near Milestone College",3,7,2,2,1000,15.607270193858982
An Apartment Which Is Up For Sale At Pallabi Near To Pallabi Police Station.,4,10,3,3,1500,16.066802461833923
Check This Apartment For Sale At Mirpur Nearby Baitul Moazzam Jame Masjid,4,22,2,2,909,15.319588176962746
"In the location of Mirpur, very close to Medicine Point is up for sale",4,8,2,2,800,15.123843647884687
"Flat up for sale in Rupnagar R/A area, near Jaman Plaza",4,35,3,2,1000,15.444751293772967
"At Darussalam, Flat For Sale Close To Mir Bari Adi Jame Mosjid",4,19,3,3,1260,15.572678754955476
"600 Sq Ft Apartment For Sale In Mirpur, Section 12",4,15,2,2,600,14.99416586199818
"A 2156 Square Feet Residential Flat Is Up For Sale At Block J, Bashundhara R-a",2,49,3,3,2156,16.648723960844016
This Amazing 1100 Sq.Ft Apartment Is Up For Sale In Mirpur DOHS .,4,5,3,3,1100,16.066802461833923
Buy This 1800 Sq Ft Ready Flat In Bashundhara R/a,2,49,3,4,1800,16.54987813231892
1545 Sq Ft Apartment With Elegant Fittings Is Ready For Sale In Mirpur-12,4,15,3,3,1545,16.257857680289998
Close To Shahi Jame Mosjid At Faydabad 1330 Square Feet And 3 Bedroom Residential Apa...,0,13,3,3,1330,15.789591722875162
Lovely Apartment Of 1400 Sq Ft Is Up For Sale In South Pirerbag,4,45,3,3,1400,15.943742382861155
Near Mollapara Jame Masjid 1205 Sq.Ft Residential Apartment For Sale At Agargaon,1,77,3,3,1205,15.702580358511794
1220 Sq&gt;Ft Apartments For Sale Close To Mollapara Jame Masjid At Agargaon,1,77,3,3,1220,15.732433317205148
Available In Middle Paikpara 1080 Square Feet Flat For Sale,4,29,3,3,1080,15.278766191701747
1485 Sq Feet Flat For Sale In The Location Of Darussalam,4,19,3,3,1485,15.915612324784387
"1459 Sq Ft Apartment Is Ready For Sale At Uttara, Near Uttara Model Town Post Office",3,88,3,3,1459,16.41820031748273
Check this 1400 SQ Ft apartment for sale at Bashundhara nearby Bangladesh Resource Im...,2,68,3,3,1400,16.166885910365842
700 Sq Ft Apartment For Sale In Mirpur Nearby Islami Bank Bangladesh Ltd.,4,15,2,2,700,14.731801689838349
"Near Pallabi Mazedul Islam Model High School, Flat For Sale In Pallabi",4,10,2,2,1100,15.520258832020865
"An Apartment Is Ready For Sale At Mirpur , Near Islami Bank Bangladesh Limited .",4,42,3,3,1100,15.607270193858982
Buy This 1350 Sq Ft Apartment Available In Uttar Badda,8,55,3,3,1350,15.894952224644102
1050 Sq Ft Decent Apartment Is Available For Sale In Uttar Badda,8,55,3,2,1050,15.78122347437178
2450 Square Feet Residential Apartment Up For Sale At Uttara -11.,3,7,4,4,2450,17.249497794707484
1085 Square Feet Residential Flat For Sale In Dakshin Khan,0,92,3,2,1085,15.607270193858982
"1850 Sq Ft Apartment Is Ready For Sale In Aftab Nagar, Block E, Sector 1",5,6,3,3,1850,16.51013780630191
Lovely Apartment Of 852 Sq Ft Is Up For Sale In Middle Monipur,4,30,2,2,852,15.38412668421143
You’re At The Right Place When You’re Here – 850 Sq Ft Flat For Sale In East Monipur,4,24,2,2,850,15.068273812173887
A Perfect Flat Of 1000 Sq Ft For Living With Family Is Available For Sale At Janata H...,4,9,3,2,1000,15.687312888712007
"We Are Offering You A 1400 Sq Ft Residential Flat For Sale In Mirpur, Section 2",4,38,3,3,1400,15.76142084987672
"Buy This Nice Flat Of 1250 Sq Ft, Which Is Located At Darussalam, Mirpur",4,19,3,3,1250,15.648092181712572
"Obtain This Well Fitted Flat Of 1250 Sq Ft Which Is Up For Sale In Darussalam, Mirpur",4,19,3,2,1250,15.648092181712572
"Get Comfortable In A 1700 Sq Ft Flat For Sale In Cantonment, Near Dhaka Cant Girls&#0...",9,93,3,4,1700,16.300417291085605
Sophisticated Style! This 1175 Sq.Ft Flat For Sale In Senpara Parbata Is All About It...,4,42,3,2,1175,15.76142084987672
"In The Location Of Badda, An Apartment Is For Sale Near Shadhinota Sharani Jame Masji...",8,55,3,3,1100,15.615568995296266
A 1950 Square Feet Residential Apartment Is For Sale In North Vashantek,9,94,4,5,1950,15.98741744127631
A Dazzling 650 Sq Ft Residential Property Is Up For Sale Located At Mirpur 11,4,22,2,2,650,14.739769856312924
A Finely Built 800 Sq Ft Flat Is Up For sale In North Pirerbag,4,45,3,2,800,15.483217567201578
A 1112 Square Feet Residential Apartment For Sale Beside To Pallabi Mazedul Islam Mod...,4,10,3,2,1112,15.830413711839864
Let Us Help You To Buy This 1125 Sq Ft Apartment Which Is Now Available In Mirpur DOH...,4,5,3,3,1125,16.066802461833923
This 2150 Sq.Ft Spacious Apartment Which Is Up For Sale At Dhanmondi Near By National...,11,95,3,3,2150,16.97251102166758
Offering You A 1300 Sq Ft Flat For Sale In Middle Paikpara Near Paikpara Central Jame...,4,29,3,3,1300,15.687312888712007
Offering you 1300 SQ FT flat for sale in Mirpur near to Paikpara Jame Masjid,4,29,3,3,1300,15.687312888712007
A 1180 Square Ft Residential Apartment For Sale At Borobag -Mirpur 2.,4,38,3,3,1180,15.685773242763466
"A Finely Built 1090 Sq Ft Flat Is Up For Sale In Ali And Nur Real Estate, Mohammadpur",7,53,3,3,1090,15.693447876338569
Visit This Apartment For Sale In Middle Monipur Near Iqra International School,4,30,3,2,1100,15.414898336565054
"Choose Your Destination, 1000 Sq Ft Flat Which Is Available For Sale In Badda",8,55,3,2,1000,15.732433317205148
Dwell In This 1450 Square Feet Apartment For Sale In Mohammadpur,7,96,3,3,1450,16.384298768361326
"1637 Sq Ft Spacious Apartment Is Ready For Sale In Senpara Parbata, Mirpur",4,42,3,4,1637,16.300417291085605
This Very New Nice Flat Of 2200 Sq Ft Is Up For Sale In Mirpur Dohs,4,5,4,4,2200,16.801192546169812
In Mirpur DOHS A Standard 1195 Sq.Ft Flat Is For Sale.,4,5,3,3,1195,15.955576839107596
"See This 1465 Sq Ft Apartment For Sale Is All Set For You In S P Road, Paikpara",4,84,3,3,1465,15.894952224644102
Reside Conveniently In This Well Constructed 922 Sq Ft Flat For Sale In North Azampur,0,97,2,2,922,15.424948670398354
"A Strongly Structured Apartment Of 1410 Sq Ft Is Available For Sale In Block C, Bashu...",2,39,3,3,1410,16.410392135615567
Covering 975 Sq Ft Space A Flat Is Up For Sale In Bochila,7,70,3,2,975,15.201805169084134
"Look At This Nice 2225 Sq Ft Flat Is Up For Sale At Block I, Bashundhara R/A",2,68,4,4,2225,16.97251102166758
"Buy This Amazing 2200 Sq Ft Apartment In Mirpur Dohs, Avenue 2",4,5,3,4,2200,16.906553056777135
Let Us Assist You To Buy This 1300 Sq Ft Flat For The Relaxing Life You Desire To Hav...,4,80,3,3,1300,15.687312888712007
"Start a new home, in this 1050 SQ FT apartment for sale in Dakkhin Paikpara",4,84,3,2,1050,15.319588176962746
A rightly planned 1325 SQ FT flat is found for sale in Mirpur near Islami Bank Hospit...,4,22,3,3,1325,15.687312888712007
"1220 Sq Ft Flat For Sale In Cantonment, Manikdi With A Nice Homely Settlement",9,18,3,3,1220,15.520258832020865
"1400 Sq Ft Apartment For Sale In Ak Fazlul Haque Babu Rd, East Kazipara, Mirpur",4,25,3,3,1400,15.656060350091908
"For Property Hunter, Mirpur Introduce A Homely Apartment For Buy",4,10,2,2,850,15.009433329466965
"A 1220 Sq Ft Flat With A Chilling Atmosphere Is Up For Sale In Cantonment, Manikdi",9,18,3,3,1220,15.520258832020865
Apartment At Mirpur Near Muslim Bazar Mukte Joddha Masjid Complex Is Up For Sale.,4,15,2,2,650,14.731801689838349
Grab This 975 Sq.Ft Apartment Up For Sale At Paikpara Beside Ahmed Nagar Habuler Puku...,4,27,3,3,975,15.319588176962746
An Amazing 1542 Sq.ft -3 Bedroom Apartment Is Up For Sale In Shah Ali Bag .,4,9,3,3,1542,15.955576839107596
"2 Bedrooms Apartment For Sale In Nobodoy Housing Society, Mohammadpur",7,86,2,2,900,15.319588176962746
"Residential Apartment For Sale in Tipu Sultan Road, Middle Pirerbag",4,45,3,2,1000,15.555976908243359
"In East Monipur , 1265 Square Feet Apartment Is For Sale.",4,24,3,3,1265,15.955576839107596
1370 square feet apartment is ready to sale in Shukrabad,11,98,3,3,1370,16.341239282272525
"Picture Yourself, Residing In This Well Constructed And Planned 2045 Sq Ft Apartment ...",3,72,3,3,2045,16.977816073672123
1600 Sq Ft Apartment Witha All Facilities Is Up For Sale In Aftab Nagar,5,6,3,3,1600,16.41820031748273
950 Sq Ft Apartment For Sale In Aftab Nagar,5,11,2,2,950,15.830413711839864
An Apartment Of 1700 Sq Ft Is Ready For Sale At Uttara,3,72,3,3,1700,16.648723960844016
Flat For Sale Covering A Beautiful Area In Bashundhara R-a Nearby Basundhara Resident...,2,68,3,3,1550,16.489659276356317
Beautiful 612 SQ FT flat is available for sale in Mirpur 12,4,15,2,2,612,14.88022163978423
"Ready apartment 650 SQ FT is now for sale in Block C, Mirpur",4,15,2,2,650,15.201805169084134
"1762 Square Feet Apartment Is Ready For Sale At Block E, Banasree",6,6,3,4,1762,16.166885910365842
960 Sq. Ft. Apartment Is For Sale In Dakshin Khan Near Mridha Market,0,99,3,2,960,15.123843647884687
Be Content With Your Amazing Home Taste Through Buying This 1225 Sq Ft Flat In Mirpur...,4,34,3,2,1225,15.522528980143118
"Choose This 1550 Sq Ft Apartment Ready For Sale In Aftab Nagar, Block A",5,43,3,3,1550,16.257857680289998
Your Desired 3-Bedroom Home In Uttar Badda Very Near To Sadhinata Sarani Ideal School...,8,55,3,2,1200,15.615568995296266
Take A Look At This 1050 Square Feet And 3 Bedroom Residential Apartment For Sale At ...,4,24,3,3,1050,15.137266664613225
930 Sq Ft Flat For Sale Near To PC Culture Housing Jame Masjid,7,37,2,2,930,15.319588176962746
We Have A Ready Flat For Sale In Mirpur Nearby Mirpur Adhunik Hospital,4,15,2,2,850,15.157069286680647
Get Comfortable In A Flat For Sale In Paikpara Nearby Paikpara Jame Mosjid,4,84,3,2,1050,15.299385474180372
"Create Your New Home In A Flat For Sale In Mirpur, Near Pallabi Mohila Degree College",4,15,2,2,905,15.219767865007723
"This Flat In Shapla Housing , Agargaon Is Up For Sale With An Area Of 1300 Sq.ft",1,1,3,3,1300,16.092777945538128
"600 Square Feet Apartment Is Available For Sale In Mirpur, West Shewrapara, Pirerbag ...",4,34,2,1,600,14.508658238524095
Wonderful 1100 SQ FT flat is available to Sale in Ahmed Nagar,4,27,3,3,1100,15.424948670398354
Graceful Flat Of 850 Sq Ft Is Prepared For Sale In Pallabi Eastern Housing.,4,10,2,2,850,14.731801689838349
"This 650 Sq Ft Apartment For Sale In Mirpur Section 12, Next To Doctor Muhammad Shahi...",4,15,2,2,650,15.341567078850604
"Convenient Flat Is Up for Sale In Mohammadpur, Near To BRAC Bank Limited | ATM Booth",7,37,2,2,830,15.363073279446223
Grab This Flat Up For Sale In Mirpur Near Academia Mirpur Campus,4,15,3,2,1350,15.717618233614914
"Grab This 1275 Sq Ft Flat Up For Sale In Banasree, Block B",6,2,3,3,1275,16.176364653421913
Check This 1250 Sq Ft Apartment For Sale At Bashundhara Nearby Modinatul Ulum Madrasa...,2,26,3,3,1250,16.166885910365842
"An Adequate Residence Is up For Sale In Section 11, Mirpur With Satisfactory Price",4,22,2,2,750,15.201805169084134
"Ready 875 SQ FT flat is now for sale in Mirpur, Block E",4,9,2,2,875,15.201805169084134
We Have A 1550 Sq.Ft Flat For You In Bashundhara R-A Nearby Playpen School.,2,40,4,3,1550,16.300417291085605
"Start A New Home, In This 1337 Sq Ft Apartment For Sale In East Monipur",4,24,3,3,1337,15.90737474309945
Close To Mirpur 10 Block C Water Tank A 1518 Square Feet Residential Apartment For Sa...,4,42,4,3,1518,16.118095750958314
2230 Sq Ft Ready Flat For Sale In Bashundhara R-a,2,68,4,4,2230,16.588099342704055
A Decent 1125 Sq Ft Flat Which Is Now For Sale In Dakshin Khan,0,13,3,2,1125,15.37890474132103
Nice Flat Of 1150 Sq Ft Can Be Found In Dakshin Khan To Sale,0,13,3,2,1150,15.398604700397561
A 1125 Sq Ft Flat Can Be Found In Dakshin Khan For Sale,0,13,3,2,1125,15.37890474132103
"Apartment For Sale In Mirpur Section 1, Near Landmarklandmark",4,9,4,4,1320,15.607270193858982
"An Apartment Is Up For Sale In Dakshin Khan, Near Bhuiyan Complex",0,92,3,3,1329,15.70937540061856
"Built With Modern Amenities, Check This 1300 Sq.Ft Flat For Sale In The Location Of W...",9,18,3,3,1300,15.424948670398354
We Have A 1200 Sq.Ft -3 Bedroom Flat For Sale In Uttar Badda Nearby AMZ Hospital Ltd.,8,55,3,3,1200,15.615568995296266
"Start a new home, in this 2150 SQ FT apartment for sale in Bashundhara R-A",2,39,3,3,2150,16.733281344102608
"Looking for a nice home to sale in Mirpur, check this one which is 1050 SQ FT",4,10,3,2,1050,15.607270193858982
"Select This 1250 Square Feet Apartment Up For Sale In Mohammadpur, Shekhertek",7,74,3,2,1250,15.830413711839864
For Selling Purposes 2255 Square Feet Flat With 3 Balconies Is Available In Uttara-1,3,100,3,4,2255,16.906553056777135
Apartment Of 1180 Sq Ft Is For Sale In Bashundhara R-a Near Nsu,2,68,3,3,1180,15.830413711839864
Flat For Sale In Mohammadpur Near Mohammadpur Girls&#039; High School,7,87,2,2,956,15.573368647930426
1400 Sq.ft Flat For Sale In Wast Shewrapara,4,34,3,3,1400,15.943742382861155
1000 Square Feet Apartment For Sale In Dhanmondi Near Jafrabad Adarsa Government Prim...,11,51,2,2,1000,15.830413711839864
1680 Sq Ft Flat For Sale In Aftab Nagar,5,11,4,3,1680,16.410765339548004
"Look At This Nice 810 Sq Ft Flat Is Up For Sale At Borobag, Mirpur 2",4,38,2,2,810,15.319588176962746
This Very New Nice Flat Of 925 Sq Ft Is Up For Sale In West Monipur,4,62,3,2,925,15.306165159633608
"Buy This Nice Flat Of 900 Sq Ft, Which Is Located At West Monipur Near Jame Mosjid",4,62,3,2,900,15.278766191701747
"900 Square Feet Apartment Is For Sale At Kamal Sharani, West Monipur",4,62,3,2,900,15.278766191701747
A Convenient 1175 Sq Ft Residential Apartment Is Prepared For Sale At South Pirerbag,4,45,3,2,1175,15.656060350091908
Well Developed Flat Is Up For Sale In Bashundhara R-A Nearby Playpan School.,2,68,3,3,1400,16.341239282272525
An Apartment Of 3195 Sq Ft Which Is Up For Sale At Bashundhara R-A Near To Baitun Naz...,2,39,4,5,3195,17.344807971579257
Modest 1820 Sq Ft Apartment For Sale In Bashundhara R-a,2,43,3,3,1820,16.705882371415992
Flat For Sale In Mirpur Section 6 Near Mosque,4,8,2,2,650,14.946912992035967
Offering You A Nice Flat For Sale In Mirpur Dohs Near Mirpur Dohs Central Jame Mosjid,4,5,2,2,1000,15.856731016694035
Your Desirable Cozy Flat of 1425 sq ft Is Ready For Sale In West Shewrapara Near Nort...,4,34,3,3,1425,15.959978899991484
"1425 Sq Ft Flat For Sale In West Shewrapara, Mirpur",4,34,3,3,1425,15.959978899991484
In Adabor Apartment Can Be Found For Sale Near Crest International School &amp;amp; C...,10,32,3,2,1175,15.687312888712007
1300 Sq Ft Apartment For Sale In Adabor Nearby Vard Eye Vision Hospital,10,32,3,3,1300,15.918424577929366
We Have A 1200 Sq.Ft Flat For Sale In Bosila Nearby Alhaj Mockbul Hossain University ...,7,101,3,3,1200,15.830413711839864
A 815 Sq. Ft Residential Apartment Is Vacant For Sale In Agargaon Near To Global Scho...,1,1,2,2,815,15.250595321348806
"Make this flat your next residing location, which is up for Sale in Dakshin Khan Near...",0,102,3,2,1250,15.319588176962746
A Fine Flat Is Now For Sale Which Is In Mirpur Near Popular Diagnostic Center Limited,4,8,3,4,1460,16.213405921671733
A Vacant Flat Of 800 Sq Ft Located In Paikpara Close To Delta Hospital Is Up For Sale...,4,27,2,2,800,15.201805169084134
1375 Sq. Ft. flat is now up for sale located in Mirpur DOHS,4,5,3,3,1375,16.300417291085605
"An Apartment Is Ready For Sale At Pallabi , Near Baitur Rahmat Jame Masjid.",4,10,2,2,1200,15.76142084987672
"Let Us Assist You To Buy This 1150 Sq Ft Apartment Mirpur, Kallyanpur",4,33,3,3,1150,15.607270193858982
Buy This 1120 Sq Ft Apartment In The Flourishing Settlement Of Kallyanpur,4,33,3,3,1120,15.607270193858982
Let Us Help You To Buy This 1240 Sq Ft Flat Which Is Now Available In Aftab Nagar,5,39,3,3,1240,16.012735246411598
Get A Look At This Lovely Flat For Sale Featuring 2700 Sq Ft In Bashundhara R/A,2,23,4,4,2700,17.11134746100564
Buy This 1634 Sq Ft Residential Flat In The Great Location Of Mirpur-1,4,9,3,3,1634,16.097893045681612
"1800 Square Feet Flat Is Available For Sale In Bashundhara R-a, Block J",2,49,3,3,1800,16.588099342704055
Uncover Your Place In A 1200 Sq Ft Structurally Well Built House For Sale In Mirpur D...,4,5,3,2,1200,16.257857680289998
"At North Pirerbag , A 1250 Sq Ft Well Fitted Residential Property Is For Sale Close T...",4,45,3,3,1250,15.687312888712007
We Are Offering You This 785 Sq Ft Ready Flat For Sale In Uttara-4,3,17,2,2,785,15.925723879522977
"Grab This Nice 2000 Sq Ft House In Bashundhara R-A, To Fulfill Your Demand",2,44,3,3,2000,16.648723960844016
Create your home in a 800 SQ FT apartment for sale in Rupnagar R/A,4,35,2,2,800,15.483217567201578
"Your Desirable 1480 Sq Ft Cozy Flat Is Ready For Sale In Mirpur 2, Near Islami Bank I...",4,38,3,3,1480,16.118095750958314
Newly Made 1930 Square Feet Apartment For Sale In Bashundhara,2,39,3,3,1930,16.648723960844016
"Mirpur, Pallabi Is Giving You A 1460 Square Feet Apartment For Sale",4,10,3,3,1460,16.012735246411598
A Nice And Medium-Sized 1554 Sq Ft Brand New Residential Apartment Is Available For S...,4,10,3,3,1554,16.257857680289998
2142 Sq Ft Properly Constructed Apartment For Sale In Bashundhara R-a,2,44,3,3,2142,16.835935492889124
A worthwhile 1425 SQ FT residential flat is ready for sale at Mirpur 6,4,8,3,3,1425,15.955576839107596
"Buy This 2390 Sq Ft Ready Flat In Uttara, Setion-3",3,88,4,4,2390,17.32705602664604
1600 Sq Ft Residential Flat For Sale In Uttara-12,3,4,3,3,1600,16.15731646026544
"Buy This 840 Sq Ft Apartment In Adabor, Baitul Aman Housing Society",10,32,2,2,840,15.38412668421143
"2250 Sq Ft Nicely Planned Apartment Is Available For Sale In Block E, Banasree",6,6,4,4,2250,16.88356353960952
Apartment For Sale In Dakshin Khan Near Dakshin Khan Ideal Girls High School,0,103,2,2,950,15.424948670398354
A 1290 Square Feet Apartment For Sale At Bochila,7,70,3,3,1290,15.687312888712007
"Available In Mollika R/A , A 1180 Sq.Ft Apartment For Sale.",4,104,3,3,1180,15.76142084987672
"1400 Sq Ft Flat With 3 Bedrooms Is Up For Sale In Mohammadpur, Mohammadia Housing Soc...",7,105,3,3,1400,16.257857680289998
"In The Location Of Mirpur, Close To Baitun Nur Jame Masjid A Flat Is Up For Sale",4,10,3,3,1350,15.687312888712007
1250 Sq Ft Apartment Is Up For Sale In Mirpur-6,4,8,3,3,1250,15.955576839107596
Grab The Scope To Buy This 2200 Sq Ft Apartment In Mirpur DOHS,4,5,3,3,2200,16.733281344102608
"Dwell In This 1300 Sq Ft Residential Flat For Sale In Cantonment, Manikdi",9,18,3,3,1300,15.816990693309524
Visit This Apartment For Sale In Mirpur Near Baitun Nur Jame Masjid,4,10,3,3,1350,15.687312888712007
We Are Offering You This 1750 Sq Ft Ready Flat For Sale In Uttara-11,3,7,3,3,1750,16.300417291085605
Reasonable 1605 Sq Ft Flat Is Available For Sale In Mirpur 2,4,38,3,3,1605,16.41820031748273
1160 Square Feet Flat For Sale Near To Shah Ali Bag Jame Moshjid .,4,9,3,3,1160,15.744129355258353
"Buy This 1000 Sq Ft Residential Flat In Mirpur, Paikpara",4,27,3,2,1000,15.607270193858982
"Buy This 1150 Sq Ft Residential Flat In A Fascinating Place Of Cantonment, Manikdi",9,18,3,3,1150,15.717618233614914
Well-developed 1650 SQ FT Residence up for sale in Darussalam,4,19,4,4,1650,16.341239282272525
"1722 Sq Ft Flat Is Being Constructed For Sale In Banasree, Block G",6,61,4,4,1722,16.454567959008102
Flat For Sale In Uttara Near Gausul Azam Jame Masjid,3,4,3,3,1375,15.943742382861155
1450 Sq Ft Ready Flat For sale In Bashundhara R/a Nearby Dhaka Bank Limited | Atm Boo...,2,26,3,3,1450,16.300417291085605
"Get Ready For Your Countless Peaceful Days With This 1115 Sq Ft Flat At Mazar Road, M...",4,106,3,3,1115,15.717618233614914
1180 Sq Ft Flat Is Up For Sale In West Shewrapara,4,34,3,2,1180,15.702580358511794
"Get A Look At This Lovely Flat For Sale Featuring 1600 Sq Ft In Block A, Chandrima Mo...",7,107,4,4,1600,15.830413711839864
This 1518 Sq.Ft Apartment Up For Sale At Uttara 11 Very Near To Uttara West Police St...,3,7,3,3,1518,16.333207111220425
"1250 Sq Ft Residential Flat For Sale In Mirpur, West Monipur",4,62,3,3,1250,15.894952224644102
Grab This Brand New Flat Up For Sale In Mirpur Near Orchid International School,4,38,3,3,1290,15.856731016694035
Reasonably Priced A 1290 Sq Ft Flat Is Available For Sale In West Shewrapara,4,34,3,3,1290,15.868993188761369
A Brand New Apartment for Sale in Mirpur near Baitul Mamur Jame Masjid,4,15,3,3,1450,15.894952224644102
1314 Sq Ft Apartment Is Ready For Sale At Uttar Badda,8,55,3,3,1314,15.86963441986494
Ready Apartment Of 1920 Sq Ft Is Now Available To Sale In Mohammadpur,7,107,3,3,1920,16.166885910365842
"Check This Apartment Of 1250 Sq Ft Is Available for Sale in Rupnagar R/A, Mirpur",4,35,3,3,1250,15.830413711839864
Visit This Apartment For Sale In Mirpur Near Popular Diagnostic Center Limited.,4,8,3,3,1550,16.066802461833923
This beautiful 1800 sq ft flat located in Uttara is now available | For sale,3,58,3,3,1800,16.705882371415992
"Reside In This 1530 Sq Ft Residential Flat For Sale In Mirpur, Paikpara",4,84,4,3,1530,16.257857680289998
A well-defined residential apartment of 2600 SQ FT is available for sale in Abdullahb...,8,55,4,5,2600,16.41820031748273
We Are Presenting To You This 1450 Sq Ft Full Furnished Flat For Selling Purpose In P...,4,10,2,3,1450,16.489659276356317
Cozy Flat Is Available For Sale In Mirpur Near To Mirpur Adhunik Hospital,4,15,3,3,1400,15.830413711839864
1150 Sq Ft Apartment With 3 Bedrooms Is Ready For Sale In Mirpur-11,4,22,3,3,1150,15.76142084987672
"1250 Sq Ft Residential Flat For Sale In West Monipur, Mirpur",4,62,3,3,1250,15.894952224644102
Well Planned 1150 Sq Ft Residential Flat For Sale In Mirpur,4,62,3,3,1150,15.919644834185693
Apartment for sale is all set for you to settle in Mirpur close to Mirpur 10 No Marke...,4,42,3,2,1180,15.687312888712007
1700 Sq.Ft. Apartment For Sale In Dakshin Khan Close To Nogoriabari Mohammadia Jame M...,0,0,3,3,1700,15.687312888712007
A Nicely Planned Flat Is Up For Sale In Mirpur Nearby Dhaka Model Degree College,4,63,3,4,1553,16.213405921671733
Worthy 1585 SQ FT residence is for sale at Aftab Nagar,5,39,3,5,1585,16.454567959008102
"Buy This 1505 Sq Ft Flat In Middle Badda, Adarsha Nagar",8,54,3,3,1505,16.257857680289998
"Buy This 1439 Sq Ft Apartment In Bashundhara R-a, Block B",2,2,3,3,1439,16.380459992348886
"930 Sq Ft Flat With 3 Bedrooms For Sale In Mirpur, Ahmed Nagar",4,27,3,3,930,15.573368647930426
A 950 Sq Ft Residential Flat Is For Sale In Mirpur -Kachukhet Road .,4,108,3,2,950,15.46416937585933
Find 1020 SQ FT flat available for sale in Pirerbag,4,45,3,2,1020,15.607270193858982
Fill Up Your Days With Enjoyment By Buying This Peaceful Flat Of 950 Sq Ft In Mirpur,4,60,2,2,950,15.268294894271099
Grab This 1800 Sq.Ft Apartment Up For Sale At Bashundhara R-A Beside Viquarunnisa Noo...,2,11,3,3,1800,16.588099342704055
For Selling Purpose This 1055 Sq.Ft Flat Is Now Vacant In Army Housing Society Road-M...,0,99,3,2,1055,15.483217567201578
935 Sq Ft Flat Ready For Sale In South Pirerbag,4,45,3,2,935,15.704094363113787
Beside To Shah Shaheb Nagar Jame Mosque 1000 Square Feet Flat For Sale At Paikpara,4,29,3,2,1000,15.150511887854474
"Situated In Dakshin Khan, 800 Sq Ft An Apartment Is Up For Sale Close To Haji Billet ...",0,109,2,2,800,15.201805169084134
"1616 Sq Ft Flat For Sale In Ecb Main Road, Manikdi",9,18,3,3,1616,15.799542052353194
A Dazzling 1000 Sq Ft Residential Property Is Up For Sale Located At Ashkona,0,3,3,2,1000,15.76142084987672
Visit This Apartment For Sale In Faydabad Near Hazrat Belal (Rah) Jame Masjid.,0,13,4,3,1160,15.298931856675116
1700 Square Feet Apartment Is For Sale In Bashundhara R-a Near Madinatul Ulum Madrasa...,2,49,3,4,1700,16.52356082573315
3 Bedroom And 4 Bathroom Apartment Is For Sale In Bashundhara R-A Near IUB.,2,6,3,4,1851,16.446139684131033
"We Have This 820 Sq Ft Apartment Ready For Sale At Mirpur, Near Life Aid Specialized ...",4,24,3,2,820,15.123843647884687
"You Can Find A Wonderful 1500 Sq Ft Flat For Sale In Bashundhara R-a, Block G",2,61,3,4,1500,16.316946591670696
"1550 Sq Ft Nice Flat For Sale In Aftab Nagar, Block C",5,39,3,4,1550,16.52356082573315
Modest 1500 Sq Ft Apartment For Sale In Mirpur-1,4,9,3,3,1500,16.341239282272525
Favorable 1400 Sq Ft Flat For Sale In Banasree,6,61,4,3,1400,16.166885910365842
1250 Sq Feet Residential Apartment For Sale In West Mollartek,0,110,3,3,1250,15.894952224644102
"At Aftab Nagar, A 1550 Sq Ft Well Fitted Residential Property Is On Sale",5,26,3,3,1550,16.380459992348886
"Buy This 1760 Sq Ft Apartment In Bashundhara R-a, Block L",2,40,3,3,1760,16.732199678290364
"Ready Flat Is Now For Sale In Banasree, Nearby Holy Crescent International School &am...",6,23,3,2,1025,15.830413711839864
Suitable 1000 Sq Ft Residential Flat For Sale In Mirpur,4,9,3,2,1000,15.687312888712007
"At Mirpur, A 700 Sq Ft Residential Property Is On Sale",4,9,3,1,700,14.508658238524095
"1250 Square Feet Residential Flat For Sale In Dakshin Khan, Faydabad",0,13,3,3,1250,15.76142084987672
Reside In This 1250 Sq Ft Apartment Ready For Sale In North Adabor,10,75,3,3,1250,15.76142084987672
"Find 1750 Sq Ft Flat Available For Sale In Mirpur, Middle Monipur",4,30,3,3,1750,15.955576839107596
Completely suitable and ready flat of 1050 SQ FT for Sale in Kallyanpur,4,33,3,3,1050,15.919644834185693
See This Apartment Is Up For sale At Bashundhara R-A Near Sunflower School And Colleg...,2,39,4,5,2950,17.281246492014
A 625 Sq Ft Very Reasonable Flat Is Available For Sale At Rupnagar R/a,4,35,2,2,625,15.039286283703994
Nearly Finished 1600 Square Feet Apartment For Sale In Uttara,3,16,3,3,1600,16.588099342704055
1600 Square Feet 3 Beds Family Apartment For Sale In Uttara,3,16,3,3,1600,16.588099342704055
Well Defined Flat Of 1400 Sq Ft In Mansurabad Housing Society Is Available For Sale,10,111,3,3,1400,16.066802461833923
"1300 Sq Ft Flat Is Up For Sale In Aftab Nagar, Block E",5,6,3,3,1300,16.118095750958314
1400 Sq Ft Nice Apartment For Sale In Adabor,10,111,3,3,1400,16.066802461833923
1150 SQ FT flat is now for sale which is in Jamtola,4,60,3,2,1150,15.76142084987672
Worthy 250 SQ FT residence is for sale at Bashundhara R-A,2,39,1,1,250,15.039286283703994
"1320 Sq.ft Apartment For Sale At Moushair Army Housing Society, Dakshin Khan .",0,99,3,2,1320,15.623799493077952
"At Shyamoli Housing, Shekhertek This 1700 Square Feet Residential Apartment For Sale",7,74,4,4,1700,16.10298211467111
View This 950 Sq Ft Ready Flat For Sale In South Banasree,6,21,2,2,950,15.46416937585933
2380 Sq Ft Apartment For sale At Bashundhara R-A Nearby Playpen School Junior Section,2,26,3,4,2380,16.88356353960952
625 Sq Ft Residential Apartment For Sale In Mirpur,4,25,2,2,625,14.731801689838349
"1275 Sq Ft Flat Is Up For Sale In Mohammadpur, Bochila",7,70,3,3,1275,15.76142084987672
A Modern Apartment In Agargaon Near Janata Housing Jame Masjid Is Up For Sale,1,1,3,3,1384,16.012735246411598
Properly Built Flat Is Up For Sale In Mirpur Section 10 Nearby Mercantile Bank Limite...,4,42,3,2,1245,15.732433317205148
800 Sq.ft Apartment Is Available For Sale In South Chalabon Near Chalaban Water Pump ...,0,0,2,2,800,15.150511887854474
An Apartment For Sale Is All Set For You To Settle In Mohammadpur Close To Dhaka Udya...,7,112,3,3,1100,15.363073279446223
Residential Apartment Is For Sale In Mirpur Nearby Baitul Jannah Jame Masjid And Madr...,4,8,3,3,1050,15.363073279446223
"950 Sq Ft Apartment For Sale In Dakshin Khan, Near Islami Bank Bd Ltd.",0,99,3,2,950,15.201805169084134
Your Desirable Cozy Flat Of 1250 Sq Ft Is Ready For Sale In Aftab Nagar,5,39,3,3,1250,15.843658936835498
"Buy This 2300 Sq Ft Apartment In Banasree, Block J",6,49,4,4,2300,16.906553056777135
"1175 Sq Ft Flat Is Now Up For Sale Which Is In Mirpur, Dakkhin Paikpara",4,80,3,3,1175,15.919644834185693
Buy This 1537 Square Feet Flat Available In Bashundhara R-a,2,44,3,3,1537,16.489659276356317
Grab This 2250 Square Ft. Apartment Up For Sale At Bashundhara R-A- Block I.,2,68,4,4,2250,16.897420573630875
950 Square Feet Apartment For Sale In Mirpur,4,22,2,2,950,15.274125813221904
"800 Square Feet Apartment Is Up For Sale In Section 11, Mirpur",4,22,2,2,800,15.250595321348806
"Buy This 1070 Sq Ft Flat In Uttara, Sector 10",3,31,2,2,1070,16.080393887616463
Visit This Flat For Sale In Mirpur Nearby Shaheed Abu Taleb High School,4,42,2,2,750,15.250595321348806
Nice 1240 Sq Ft Flat Is Available For Sale In Dakkhin Paikpara,4,80,3,3,1240,15.978833698567334
"Near Shewrapara Jame Masjid, A Blissful Flat Is Available For Sale In West Shewrapara",4,34,3,3,1180,15.687312888712007
"Live Permanently In A 1550 Sq Ft Property, Which Is Up For Sale Located At Uttar Badd...",8,55,3,3,1550,16.489659276356317
Grab A 730 Sq Ft Flat Up For Sale At Mirpur -6,4,8,3,2,730,15.424948670398354
"A modern 1,020 Sft Ready Flat For Sale In Uttara-12",3,4,2,2,1020,15.520258832020865
"Acquire This 2025 Sq Ft With 3 Bedrooms Flat Which Is Up For Sale In Bashundhara R-A,...",2,39,3,3,2025,16.951004817371683
A 1650 Square Ft Residential Apartment Is For Sale At Bashundhara - Block K Close To ...,2,44,3,3,1650,16.41820031748273
"An Apartment Is Ready For Sale At Uttara -9, Near Uttara Ideal College",3,113,3,2,986,15.64006001130563
1400 Sq Ft Flat Is Available For Sale In Mirpur 12 Nearby City Bank,4,15,3,3,1400,15.86963441986494
An Apartment Is Up For Sale At Aftab Nagar Near Dhaka Imperial College.,5,26,3,3,1350,16.066802461833923
A Flat With All Facilities Is Up For Sale At West Shewrapara Near Baitul Arafa Masjid,4,34,3,2,1220,15.424948670398354
An Apartment Of 1550 Sq.ft Is For Sale In The Location Of Bashundhara R-a Near The Ag...,2,61,3,3,1550,16.341239282272525
An Adequate 3 Bedroom Apartment Is For Sale In The Location Of Bashundhara R-a Near T...,2,61,3,3,1550,16.341239282272525
A Nicely Constructed Apartment Of 1200 Sq Ft Is Available Right Now For Sale In Secti...,4,9,3,3,1200,15.978833698567334
"Lovely Apartment Of 1200 Sq Ft Is Up For Sale In Section 1, Mirpur",4,9,3,3,1200,15.978833698567334
Uncover Your Place In A 700 Sq Ft Structurally Well Built House For Sale In Pc Cultur...,7,37,2,2,700,15.363073279446223
A 1080 Square Feet Residential Apartment For Sale At Mohammadpur Next To Darul Jannat...,7,70,3,3,1080,15.531108846082864
There Is 3 Bedroom Apartment Up For Sale In The Location Of Dhanmondi Near Sunnydale.,11,114,3,4,2787,17.182806422433504
Noticeable 1500 Square Feet Apartment For Sale In Uttara,3,72,3,3,1500,16.588099342704055
"Well Planned 1320 Sq Ft Residential Apartment For Sale In Mirpur, Pallabi",4,10,3,3,1320,16.04552506565036
1325 Sq Ft Residential Apartment For Sale In Uttar Badda,8,55,3,3,1325,15.894952224644102
"2400 Sq Ft Spacious Flat For Sale In Banasree, Block F",6,11,4,4,2400,16.85046359274847
1350 Sq Ft Residential Flat For Sale In Mirpur,4,10,3,3,1350,16.066802461833923
Covering 1204 Sq Ft Space A Nice Flat Is Ready To Sale In Mirpur,4,27,3,3,1204,15.830413711839864
This 860 Sq Ft Apartment Has A Tempting Enough Environment For You To Buy In Mirpur,4,35,2,2,860,15.319588176962746
A 3 Bedrooms Residence For Sale In Eastern Housing - Pallabi.,4,10,3,2,1050,15.424948670398354
Grab This 1125 Sq Ft Flat Up For Sale In Dakshin Khan,0,13,3,2,1125,15.37890474132103
"Apartment For Sale In Mirpur-10, Senpara Parbata",4,42,3,2,1140,15.623799493077952
1470 Sq Ft Flat Is For Sale In Mansurabad Housing Society Nearby Baitur Rahman Jame M...,10,111,3,3,1470,15.76142084987672
Reasonable 1654 Sq Ft Apartment For Sale In Uttara 18,3,36,3,4,1654,16.341239282272525
Valuable 2400 Sq Ft Flat For Sale In Badda,8,115,3,3,2400,16.951004817371683
Conventional 900 Sq Ft Flat For Sale In Badda,8,54,2,2,900,15.607270193858982
Nice 850 Sq Ft Flat Is Available For Sale In East Kazipara,4,25,2,2,850,15.424948670398354
Worthy 900 SQ FT residence is for sale at North Pirerbag,4,45,3,2,900,15.424948670398354
"This 1008 Sq.Ft Convenient Flat Is For Sale In Shadheenata Sharani, Mirpur 10.",4,42,3,3,1008,15.392094852207169
This 1015 Sq.ft Home In Rajanigandha Residential Area Is Up For Sale In A Wonderful N...,4,63,2,2,1015,15.607270193858982
650 Sq Ft Apartment For Sale,4,8,2,2,650,15.068273812173887
A Beautiful Apartment For Sale Is All Set For You In Mirpur Nearby Senpara Jame Masji...,4,42,3,3,1465,15.990262393084793
"1220 Sq Ft Flat For Sale In Banasree, Block G",6,61,3,2,1220,15.894952224644102
We are offering you a very spacious 1090 SQ FT flat for Sale in Mirpur near to Holy C...,4,34,3,2,1090,15.520258832020865
"Pursue This 3100 Square Feet Apartment For Sale In Bashundhara R-a, Block G",2,61,4,5,3100,17.312018149733785
"Buy This Great 1350 Sq Ft Apartment In Bashundhara R-a, Block C",2,39,3,3,1350,16.266515742283485
"1250 Sq Ft Flat For Sale In Aftab Nagar, Block E",5,6,3,3,1250,16.066802461833923
In Bashundhara R/a 1650 Sq Ft Flat Is Available For Sale,2,26,3,3,1650,16.52356082573315
"Buy This 2119 Sq Ft Apartment In Bashundhara R-a, Block B",2,2,3,3,2119,16.759949589762293
"At Bashundhara, A 2090 Sq Ft Well Fitted Residential Property Is On Sale",2,61,3,4,2090,16.904049926672936
2090 sq ft Residential Apartment Is On Sale In Bashundhara,2,61,3,4,2090,16.904049926672936
Modest 1750 Sq Ft Residential Apartment For Sale In Dhanmondi,11,116,3,2,1750,16.860033043306743
"1280 Sq Ft Residential Apartment For Sale In Shah Ali Bag, Mirpur",4,117,3,3,1280,15.85413023533218
1120 Square Feet Flat For Sale Is Positioned In A Desirable Place Like Dakshin Khan,0,118,3,2,1120,15.76142084987672
2300 Square Feet Rasedantial Flat For Sale In Uttara-3,3,88,4,4,2300,17.281246492014
"Looking For A Perfect Family Home To Sale In Uttar Badda, Check This 1410 Sq Ft Well ...",8,55,3,3,1410,15.955576839107596
Pleasant 1920 Sq Ft Residential Flat For Sale In Mirpur,4,10,4,4,1920,16.677711496036597
1515 Square Feet Flat Is For Sale In Dhanmondi,11,119,3,3,1515,16.806230339945976
Buy This 1375 Sq Ft Apartment In Mirpur-6,4,8,3,3,1375,16.308716093211594
In Agargaon 1150 SQ FT flat is available for sale which is now close to Momtaz Mansio...,1,77,3,2,1150,15.660020750680612
Economical 1400 Sq Ft Residential Apartment For Sale In Mirpur,4,15,4,3,1400,16.02378508137718
900 Sq Ft Apartment With 3 Bedrooms Is Up For Sale In Mirpur-12,4,15,3,2,900,15.581952390148196
"Well Designed 1400 Sq Ft Apartment Is Ready For Sale In Mirpur, Ahmed Nagar",4,27,3,3,1400,15.943742382861155
1500 Sq Ft Residential Apartment For Sale In Mirpur,4,33,3,3,1500,16.118095750958314
"A Comfortable 1680 Sq Ft Flat Is Here For Sale In Block I, Bashundhara R-A",2,68,3,3,1680,16.52356082573315
"1200 Sq Ft Residential Flat With 3 Balconies For Sale In Mirpur, Pirerbag",4,45,3,3,1200,15.687312888712007
"1350 Square Feet Flat For Sale Is Positioned In A Desirable Place Like Sector 10, Utt...",3,31,3,3,1350,16.380459992348886
"925 Sq Ft Apartment For Sale In Uttara, Sector 12",3,4,2,2,925,15.607270193858982
Well Planned 1348 Sq Ft Flat For Sale In Aftab Nagar,5,23,3,3,1348,16.231424425551033
Ready To Move in Dakshin Khan | 1475 SFT 3 bedroom Apt. | Well Maintained,0,92,3,3,1475,15.995928129978456
There Is 3 Bedroom Apartment Up For Sale In The Location Of Adabor Near Baitul Aman H...,10,32,3,2,900,15.201805169084134
"1600 Square Feet Flat For Sale In Aftab Nagar, Block D",5,26,3,3,1600,16.36495580701484
"Buy This 1100 Sq Ft Flat In Cantonment, Matikata",9,90,3,2,1100,15.607270193858982
"Get This Well Defined 1607 Sq Ft Flat For Sale In Block G, Aftab Nagar",5,61,3,3,1607,16.395727463314174
"1570 Sq Ft Convenient Apartment Is Here Ready For Sale In Shah Ali Bag, Mirpur",4,9,4,4,1570,16.341239282272525
"1050 Sq Ft Residential Flat For Sale In Mirpur, Ahmed Nagar",4,27,3,2,1050,15.520258832020865
Very Well Designed 1100 Sq Ft Residential Flat Is Unoccupied For Sale At North Pirerb...,4,45,3,2,1100,15.687312888712007
1400 Sq Ft Residential Apartment For Sale In Mirpur,4,27,3,3,1400,15.943742382861155
1240 Square Feet Flat For Sale In The Location Of Shah Ali Bag,4,9,3,3,1240,15.806121022549506
"This 1550 Sq Ft Flat Is Up For Sale Within Your Affordability, Is Located At South Pi...",4,45,3,3,1550,16.125567765052597
1485 Sq ft Apartment with 3 bedrooms For Sale in Mohammadpur,7,73,3,3,1485,16.395727463314174
"A 1,365 Sq Ft Flat Is Up For Sale In A Well Secured Location Of Uttar Badda",8,55,3,3,1365,15.960271682860764
Favorable 1128 SFT 3 Bedroom Flat For Sale In Badda,8,55,3,3,1128,15.778137485541167
"Choose This 1450 Sq Ft Flat To Buy In Banasree, Block H",6,23,3,3,1450,16.257857680289998
"930 Sq Ft Residential Apartment For Sale In Dhanmondi, Sher-e-bangla Road",11,120,3,2,930,15.64006001130563
"Get A Look At This Lovely Flat For Sale Featuring 2500 Sq Ft In Block K, Bashundhara ...",2,44,4,4,2500,16.929025911619092
1400 Sq Ft Residential Apartment For Sale At Pallabi,4,10,3,3,1400,15.86963441986494
Buy This 1225 Square Feet Flat Available In Bashundhara R-a,2,121,3,3,1225,16.213405921671733
"Looking For A Perfect Family Home To Buy In Banasree, Check This 1450 Sq Ft Well Feat...",6,61,3,4,1450,16.47472066365051
Buy This 1250 Square Feet Apartment In Baitul Aman Housing Society,10,32,3,3,1250,16.52356082573315
"Look At This Nice 980 Sq Ft Flat Is Up For Sale At Section 10, Mirpur",4,42,2,2,980,15.520258832020865
"1873 Square Feet Flat Is For Sale In Mohammadpur, Mirpur Road",7,122,3,3,1873,17.05418904934434
A Unique Flat Of 1350 Sq Ft Is Getting Ready To Be Sold In East Kazipara,4,25,3,3,1350,15.698785288119346
A Well-featured 1095 Sq Ft Residence Is Ready For Sale At Ashkona,0,3,3,2,1095,15.830413711839864
Have A Look At This 1900 Sq Ft Property Which Is Up For Sale Located At Bashundhara R...,2,26,4,4,1900,16.759949589762293
We Have A Ready Flat For Sale In Shahjadpur Nearby Shahjadpur Model Government Primar...,8,50,3,3,1475,16.559571260898196
A Nice Residential Flat For Sale Can Be Found In Mohammadpur Nearby Mac Master Englis...,7,37,2,2,900,15.414898336565054
1750 Sq Ft Residential Flat For Sale In Mirpur,4,62,3,3,1750,16.454567959008102
"1850 Sq Ft Residential Flat For Sale In Mirpur, West Monipur",4,62,3,4,1850,16.454567959008102
1550 Sq Ft Apartment For Sale In Bashundhara,2,40,3,3,1550,16.393831728293026
Well Planned 630 Sq Ft Residential Flat For Sale In Mirpur,4,35,2,2,630,15.068273812173887
"1250 Sq Ft Flat Is Being Constructed For Sale In Badda, Merul Badda",8,47,3,3,1250,15.830413711839864
Suitable 1250 Sq Ft Residential Flat For Sale In Rupnagar R/A,4,35,3,3,1250,15.830413711839864
We Are Offering A Reasonably Priced Flat For Sale Which Is Featuring 1392 Sq Ft Space...,4,45,3,3,1392,16.01805440729975
"We Bring You A Beautiful And Distinct Flat Of 1550 Sq Ft For Sale In Pabna Goli, Mirp...",4,45,3,3,1550,16.118095750958314
1537 Square Feet Flat With 3 Bedrooms Is Available For Sale In Bashundhara R/a,2,44,3,3,1537,16.489659276356317
Reside In This 1600 Sq Ft Ready Flat For Sale In Uttara-13,3,58,2,2,1600,16.257857680289998
Offering you 1263 SQ FT flat for sale in Uttar Badda,8,55,3,3,1263,15.86963441986494
"Worthy 1300 Sq Ft Residential Apartment Is For Sale At Ahmed Nagar, Mirpur",4,27,3,3,1300,15.830413711839864
A Reasonable Apartment Is Available For Sale At Mirpur-10,4,42,3,2,1075,15.520258832020865
1150 Sq Ft Apartment Is Ready For Sale In Dhanmondi,11,98,3,3,1150,16.066802461833923
"Here Is A Well Defined Flat Of 1700 Sq Ft Waiting For Sale At Section 7, Mirpur",4,104,3,3,1700,16.42558042423569
Modest 1100 Sq Ft Flat For Sale In Banasree,6,6,3,2,1100,15.955576839107596
"Well Organized Flat Of 1700 Sq Ft Is Now Vacant For Sale In Section 7, Mirpur",4,104,3,3,1700,16.42558042423569
This 920 Sq.Ft Convenient Flat Is For Sale In Mirpur Beside To D Block Jame Mosque,4,15,3,2,920,15.319588176962746
"Nearly Finished Apartment Is Up For Sale In Mirpur Section 10, Near To Darland Intern...",4,42,2,2,855,15.363605052810144
1650 Square Ft Apartment For Sale Is Being Constructed In Mirpur,4,30,4,3,1650,16.213405921671733
1650 Square Ft Well Designed Apartment For Sale In Mirpur,4,30,4,3,1650,16.213405921671733
Flat For Sale Covering A Beautiful Area In West Agargaon Nearby Momataj Memorial High...,1,1,3,3,1400,15.955576839107596
Worthy 1450 SQ FT Residential Apartment is for sale at West Shewrapara,4,34,3,3,1450,15.975955999070965
2200 Square Feet Flat With 3 Decent Bedrooms Is Available For Sale In Bashundhara R-a...,2,43,3,3,2200,17.05418904934434
A Nice Flat Is For Sale In Mohammadpur Nearby Alhaj Mockbul Hossain University Colleg...,7,52,2,2,940,15.38412668421143
"Pursue This 1400 Sq Ft Flat For Sale In Uttar Badda, Shadhinata Sharani",8,55,3,3,1400,15.76142084987672
2000 Square Ft Residential Apartment For Sale At Bashundhara R-A Next To Sunnydale Sc...,2,11,3,4,2000,16.765198945372877
Ideal Flat Of 1175 Sq Ft In Dhanmondi Available For Sale,11,56,3,3,1175,16.257857680289998
980 Sq Ft Apartment Is Ready For Sale At Uttar Badda,8,55,2,2,980,15.319588176962746
"1657 Square Feet Residential Flat With 3 Bedrooms For Sale In Uttara, Sector 18",3,36,3,3,1657,16.166885910365842
"Perfect For A Family Home, This Apartment Of 1100 Sq Ft Is Up For Sale In Ahmed Nagar",4,27,3,3,1100,15.76142084987672
Get Comfortable In A 1100 Sq Ft Flat For Sale In Ahmed Nagar,4,27,3,3,1100,15.76142084987672
"1260 Square Feet Flat Is Available For Sale In Bashundhara R-a, Block K",2,44,3,3,1260,16.18668853579461
"Grab This 1500 Square Feet Flat Available For Sale In Bashundhara R-a, Block K",2,44,3,3,1500,16.36104190800008
"Offering You A 1700 Sq Ft Flat For Sale In Block E, Bashundhara R-A",2,6,3,3,1700,16.59743066955244
"1700 Sq Ft Flat For Sale In Block E, Bashundhara R-A",2,6,3,3,1700,16.59743066955244
Are you in hurry? No worries! You Can Take This 1250 Sq Ft Flat for Sale in East Shew...,4,60,3,3,1250,16.012735246411598
"Deal With This 975 Sq Ft Flat Up For Sale In Kazipara, Mirpur",4,25,2,2,975,15.656060350091908
"Visit This 1000 Sq Ft Flat, Which Is Up For Sale In Mirpur, East Kazipara",4,25,2,2,1000,15.687312888712007
"Checkout This 1000 Sq Ft Flat Set To Sale In Mirpur, East Kazipara",4,25,2,2,1000,15.687312888712007
"Get This 950 Sq Ft Flat For Sale In Kazipara, Mirpur",4,25,2,2,950,15.623799493077952
"Appealing Property In 2nd Colony, Mirpur – 1375 Sq Ft Flat For Sale",4,46,3,3,1375,15.76142084987672
"A Spectacularly Constructed Flat of 1,080 SQ FT for Sale In Agargaon Near Baitul Mamu...",1,77,2,2,980,15.50005612841392
"Picture Yourself, Residing In This Well Constructed And Planned 2258 Sq Ft Apartment ...",3,58,4,5,2258,17.147715103853763
"1200 Square Feet Apartment Is Ready For Sale In Mohammadpur, Chandrima Model Town",7,107,3,3,1200,15.702580358511794
"1650 Sq Ft Residential Flat For Sale In Mirpur, Rupnagar R/A",4,35,3,3,1650,16.333207111220425
"Well Organized Flat Of 1350 Sq Ft Is Now Vacant For Sale In Sector 11, Uttara",3,7,3,3,1350,16.41820031748273
Suitable 1360 Sq Ft Residential Apartment For Sale In Chandrima Model Town,7,107,3,3,1360,15.830413711839864
Offering You A 1370 Sq Ft Flat For Sale In Uttar Badda,8,55,3,3,1370,15.86963441986494
"For You 2760 Sq Ft Flat Is Now For Sale In Block B, Bashundhara R-A",2,2,4,5,2760,17.27308830456852
"1900 Sq Ft Apartment Is Ready For Sale In Adabor, Dhaka Housing Main Road",10,123,3,4,1900,16.329166702009918
"2500 SFT 4 bed Apartment is ready to sale in Bashundhara R-A, Dhaka",2,44,4,4,2500,16.929025911619092
1654 SFT Three Bedroom Apartment | Vacant Now | Ready To Move in Uttara,3,36,3,4,1654,16.213405921671733
Uttara-6 Is Offering You A 2110 Sq Ft Apartment Ready For Sale,3,66,4,4,2110,17.16488822600283
Offering You A Nice Flat For Sale In Uttara Near Asian University Of Bangladesh,3,66,3,3,1554,16.41820031748273
1200 Square Ft. And 3 Bedroom Residential Apartment For Sale At Mirpur 11 Close To Me...,4,22,3,3,1200,15.573368647930426
Worthy 1250 SQ FT residence is for sale at Mirpur 11,4,22,3,3,1250,15.789591722875162
Next To Kuwaiti Masjid This Ready And Comfortable 850 Sq.Ft Apartment Is Up For Sale ...,4,24,2,2,850,15.201805169084134
A Nicely Constructed Apartment Of 2200 Sq Ft Is Available Right Now For Sale In Kally...,4,33,4,4,2200,16.759949589762293
1830 Sq Ft Flat Is For Sale In Uttara,3,72,3,3,1830,16.951004817371683
"1654 Sq Ft Ready Flat For Sale In Uttara-18, Rajuk Uttara Apartment Project, Block A",3,36,3,4,1654,15.955576839107596
Check This Beautiful 1200 Sq Ft Residence Is Up For Sale At Shahjadpur,8,50,3,2,1200,15.76142084987672
Offering You 2100 Sq Ft Flat For Sale In Pirerbag,4,45,8,6,2100,15.512959530871255
Check This 1250 Sq.ft -3 Bedroom Apartment Up For Sale At Cantonment Very Near To Man...,9,18,3,3,1250,15.424948670398354
1260 Sft Well Maintained Apartment For Sale At Mirpur Dhaka,4,30,3,3,1260,15.894952224644102
Imagine A Spacious Flat That Comes With Your Affordability Yes This 2380 Sq Ft Beauti...,2,26,4,5,2380,17.182806422433504
2500 Square Feet Flat For Sale In Bashundhara R-a,2,44,4,5,2500,16.929025911619092
This 1250 Sq Ft Well Defined Flat Is Now Vacant To Sale In Pirerbag,4,45,3,3,1250,15.76142084987672
Checkout This 1500 Sq Ft Flat For Sale In Mirpur-6,4,8,3,3,1500,16.257857680289998
"1450 Sq Ft Apartment For Sale In Bashundhara R-a, Block B",2,2,3,3,1450,16.388122864507256
"Here Is A Well Defined Flat Of 1815 Sq Ft Waiting For Sale At Sector 4, Uttara",3,17,3,5,1815,16.941393559881465
"Pursue This 975 Sq Ft Flat Up For Sale In East Kazipara, Mirpur",4,25,2,2,975,15.66199508467249
"Pick This 1325 Sq Ft Apartment For Sale In Aftab Nagar, Block F",5,11,3,3,1325,16.04283327427448
"To Live A Secure Life You Can Take This 1275 Sq Ft Flat For Sale At Kallyanpur, Mirpu...",4,33,3,3,1275,15.967272877502799
Property For Sale In Bashundhara R-A – 2025 Sq Ft Apartment,2,68,3,4,2025,16.759949589762293
"Get Comfortable In A 930 Sq Ft Nice Flat For Sale In Middle Monipur, Mirpur",4,30,2,2,930,15.520258832020865
"Have A Look At This 1100 Sq Ft Property Which Is Up For Sale Located At Section 12, M...",4,15,3,3,1100,15.687312888712007
"1250 Sq Ft Residential Property Is Set For Sale In Mirpur, Kallyanpur",4,33,3,3,1250,15.830413711839864
"Dwell In This 1200 Sq Ft Apartment With 2 Balconies For Sale In East Shewrapara, Mirp...",4,60,2,2,1200,15.86963441986494
"Well Organized Flat Of 1250 Sq Ft Is Now Vacant For Sale In Kallyanpur, Mirpur",4,33,3,3,1250,15.830413711839864
Ready Flat Of 900 Sq Ft Is Now For Sale In Mirpur -2,4,38,2,2,900,15.520258832020865
"Make This 900 Sq Ft Flat Your Next Residing Location, Which Is Up For Sale In Mirpur",4,38,2,2,900,15.520258832020865
Find 1350 Sq Ft Flat Available For Sale In Dakshin Khan,0,110,3,3,1350,15.894952224644102
Offering You A 1070 Sq Ft Flat For Sale In Mohammadi Housing LTD,7,124,3,3,1070,15.829079489004743
Appealing Property In Bashundhara R-A – 2760 Sq Ft Flat For Sale,2,2,4,5,2760,17.27308830456852
Best Location Mirpur | Spacious And Bright 3 Bedroom 1100 Sq Ft Apt. | For Sale,4,27,3,3,1100,15.623799493077952
Promising Under-construction 1100 Sq Ft Apartment For Sale In Mirpur,4,27,3,3,1100,15.623799493077952
"1600 Sq Ft Flat Is Being Constructed For Sale In Aftab Nagar, Block E",5,6,3,3,1600,16.42558042423569
"View This 1550 Sq Ft Apartment Ready For Sale In Aftab Nagar, Block G",5,61,3,3,1550,16.41820031748273
We Are Offering A Reasonably Priced Flat For Sale Which Is Featuring 800 Sq Ft Space ...,10,32,2,2,800,15.53827733427679
Banasree Is Offering You A 1940 Sq Ft Apartment Ready For Sale,6,49,4,4,1940,16.452279628653727
"Lead Your Life In This 1450 Sq Ft Flat Up For Sale In Badda, Khilbari Tek",8,125,3,3,1450,16.132984361974234
"1322 Sq Ft Nicely Planned Apartment Is Available For Sale In Shahjadpur, Badda",8,50,3,3,1322,16.012735246411598
"1635 Sq Ft Apartment Is Ready For Sale In Aftab Nagar, Block G",5,61,4,3,1635,16.178955633310586
"Grab This 1360 Sq Ft Apartment For Sale In Pallabi, Mirpur",4,10,3,3,1360,16.447399470043365
"1700 Sq Ft Flat For Sale In Banasree, With Good Home Facilities",6,11,3,3,1700,16.51687183802978
"Offering You A 650 Sq Ft Nice Flat For Sale In Section 6, Mirpur",4,8,2,2,650,15.068273812173887
"Visit This 650 Sq Ft Flat For A Small Family Is Here Available For Sale In Section 6,...",4,8,2,2,650,15.068273812173887
"700 Sq Ft Lovely Residential Flat For Sale In Mirpur, Section 13",4,41,2,2,700,15.150511887854474
700 Sq Ft Residential Flat With 2 Bedrooms For Sale In Mirpur-13,4,41,2,2,700,15.150511887854474
"Buy This 1300 Sq Ft Residential Flat In Cantonment, Manikdi",9,18,3,3,1300,15.816990693309524
Buy This 1770 Sq Ft Flat In Mirpur-12,4,15,3,3,1770,16.012735246411598
"This 1133 Sq Ft Flat Is Ready To Sale In Mirpur-2, Borobag",4,38,3,3,1133,15.46416937585933
"This 1050 Sq Ft Flat Is Ready For Sale, Located In Mirpur-11",4,22,3,3,1050,15.806803849386167
"Buy This 840 Sq Ft Apartment In Dakshin Khan, Ashkona",0,3,2,2,840,14.845130332288226
1200 Sq.ft Flat For Sale At Senpara Parbata Beside To Bangladesh Baptist Church Sangh...,4,42,3,3,1200,15.702580358511794
1170 SFT Reasonable Apartment For sale At Badda,8,54,3,3,1170,16.231424425551033
"Affordable 1,365 Sq Ft Apartment for Sale in Uttara Sector 4",3,17,3,3,1365,16.60667572712668
"Own This Spacious 1330 Sq. Ft. Flat in Uttar Badda, Moynarbagh",8,55,3,3,1330,16.066802461833923
"Sophisticated 2,370 sq ft residential Apartment for Sale in Bashundhara R-A",2,68,4,4,2370,17.11134746100564
Reasonable 900 Sq Ft Flat for Sale in Dhanmondi,11,126,2,2,900,15.955576839107596
Noticeable1456 Sq. Ft. Flat For Sale in Uttar Badda.,8,55,3,3,1456,16.166885910365842
"Get Ready To Buy This Ideally Maintained 1560 Sq Ft Apartment Located In Block H, Bas...",2,23,3,3,1560,16.562781536322326
"Picture Yourself, Residing In This Well-constructed And Planned 1450 Sq Ft Apartment ...",2,6,3,3,1450,16.300417291085605
New with a view – 1000 SQ FT Flat for Sale in West Shewrapara,4,34,3,2,1000,15.607270193858982
"1600 Square Feet Spacious And Nice Flat Is Available For Sale In Bashundhara R-a, Blo...",2,11,3,4,1600,16.489659276356317
"At Aftab Nagar Near To Gazi Jame Mosjid, A 1300 Sq. Ft Apartment Which Is Up For Sale",5,6,3,3,1300,15.931766193248746
To Get A Trouble Free Life You Can Take Buy This 650 Sq Ft House In Mirpur 12,4,15,2,2,650,14.978661680269907
Reasonably Priced A Residential Flat Of 1206 Sq Ft Is Ready For Track Down In Iqbal R...,7,64,3,3,1206,16.454567959008102
1000 Sq Ft Flat With 2 Bedrooms Is Up For Sale In Dakshin Khan,0,57,2,2,1000,15.607270193858982
Completely Organized 720 Sq Ft Flat Is Available To Sale In South Pirerbag,4,45,2,2,720,15.38412668421143
Close To Mirpur Fakir Bari Darbar Sharif &amp; Mosque 1100 Sq.Ft Flat Is For Sale.,4,42,3,2,1100,15.520258832020865
Have A Look At This 1450 Sq Ft Property Which Is Up For Sale Located At Ashkona,0,3,3,2,1450,16.05887639739914
"Beautiful And Well-constructed 1100 Sq Ft Flat Is Ready To Sale At Dakkin Paikpara, M...",4,84,3,2,1100,15.687312888712007
Buy This Great 2350 Square Feet Flat Available For Sale In Bashundhara R-a,2,127,4,4,2350,16.785925074816024
Ready 1400 Sq Ft Flat Is Now For Sale In Mirpur,4,106,3,3,1400,15.894952224644102
"Take A Look At This 1950 Sq Ft Flat For Sale In Dakshin Khan, North Azampur",0,97,3,4,1950,16.213405921671733
"Plan To Move In This 1300 Sq Ft Flat Which Is Up For Sale In Lalkuthi, Mirpur",4,128,3,3,1300,15.607270193858982
"Find This 1200 Sq Ft Flat Available For Sale In Lalkuthi, Mirpur",4,128,3,3,1200,15.607270193858982
2000 Sq Ft Flat Is Now For Sale In Aftab Nagar,5,23,3,5,2000,16.811242881518265
"In The Location Of Aftab Nagar, A 1350 Sq. Ft Apartment Is For Sale Near Blcs Institu...",5,6,3,3,1350,15.882373444019521
"Verify This 2150 Square Feet Flat Available For Sale In Bashundhara R-a, Block J",2,49,4,4,2150,16.737327202403897
Settle Down In This 2150 Square Feet Flat Available For Sale In Bashundhara,2,49,4,4,2150,16.753348906079495
A Great 650 SQ FT residence for sales purposes is available in Mirpur 11,4,22,2,2,650,15.201805169084134
A Nicely Build 1150 Sq Ft And 3 Bedroom Apartment Is Vacant For Sale In North Bishil ...,4,9,3,2,1150,15.555976908243359
Buy This Flat At Rupnagar R/A For The Ideal Urban Lifestyle You Dream About.,4,35,4,4,1250,15.732433317205148
Create your home in a 1200 SQ FT apartment for sale in Mirpur DOHS,4,5,3,3,1200,16.118095750958314
Evaluate This 1300 Sq Ft Apartment In Mirpur-12 To Buy In An Amazing Price,4,15,3,3,1300,15.894952224644102
Select Your Next Residing Place At This Nice Flat Of 975 Sq Ft In Borobag Mirpur,4,38,3,2,975,15.424948670398354
"1400 Square Feet Residential Apartment For Sale At Shyamoli Housing, Shekhertek",7,74,3,3,1400,15.919644834185693
Get Comfortable In A Nice Flat For Sale In Bashundhara R-a Nearby Viquarunnisa Noon S...,2,61,3,4,1856,16.677711496036597
1400 Sq Ft Apartment Is Ready For Sale In Mirpur,4,15,3,3,1400,15.912300860828838
Visit This 1575 Sq. Ft Apartment Which Is Ready For Sale In Uttara 10,3,31,3,4,1575,16.118095750958314
A 1150 Sq Ft Residential Flat Is For Sale In Mirpur Section 10.,4,42,3,2,1150,15.520258832020865
"4 Bedroom, 2,420 SFT Flat for Sale – Outstanding Living in Bashundhara R-A",2,2,4,4,2420,16.993564429978885
"Buy This Great 1290 Sq Ft Residential Flat In Mirpur-1, North Bishil",4,9,3,3,1290,15.687312888712007
Plan To Move In This 650 Sq Ft Flat Which Is Up For Sale In Mirpur 12,4,15,2,2,650,14.978661680269907
Offering You 650 Sq Ft Flat For Sale In Mirpur 12,4,15,2,2,650,15.068273812173887
"1050 Sq Ft Apartment With 2 Balconies For Sale In Mirpur, Ahmed Nagar",4,27,3,2,1050,15.520258832020865
3 Bedroom &amp;amp; 3 Bathroom Apartment Which Is Up For Sale At Aftab Nagar,5,6,3,3,1300,15.931766193248746
"1365 Sq Ft Flat With Serene Balcony Views Is For Sale In Mirpur-10, Senpara Parbata",4,42,3,3,1365,15.831413212039747
We Are Offering To You This 1445 Sq Ft Lovely Flat For Sale In Banasree,6,2,3,3,1445,16.380459992348886
"Buy This Beautiful 1350 Sq Ft Ready Flat In Dakshin Khan, Sobur Khan Road",0,129,3,3,1350,15.687312888712007
1100 Square Ft And 3 Bedroom Residential Apartment For Sale At Shimultola Road-Pirerb...,4,45,3,2,1100,15.520258832020865
A rightly planned 1461 SQ FT residence is found for sale in Chandrima Model Town,7,107,3,3,1461,15.830413711839864
We Have A 1750 Sq. Ft Flat For You In Mirpur 2 Nearby Rain khola Jame Masjid.,4,38,3,3,1750,16.380459992348886
"1625 Sq Ft Spacious And Comfy Flat Is Up For Sale In Banasree, Block G",6,61,4,3,1625,16.380459992348886
2200 Square Feet Flat With Amazing Residential Design Is Available For Sale In Bashun...,2,11,4,4,2200,16.524227270231894
"Upgrade Your Lifestyle By Buying This Desirable Flat Of 1350 Sq Ft In Mirpur, Middle ...",4,30,3,3,1350,15.830413711839864
"Make This 1150 Sq Ft Flat Your Next Residing Location, Which Is Up For Sale In Mirpur...",4,42,3,2,1150,15.564710586686562
"Check This Fine Looking Flat Of 1700 Sq Ft Offered For Sale In Block F, Banasree",6,11,3,3,1700,16.52356082573315
Take A Look At This 1750 Sq Ft Flat For Sale In Uttara-4,3,17,3,3,1750,16.705882371415992
Worthy 850 SQ FT residence is for sale at East Kazipara,4,25,2,2,850,15.424948670398354
A Well-constructed 250 Sq Ft Flat Is For Sale In Bashundhara R-a,2,39,1,1,250,15.039286283703994
Appreciate Your Days In This 1365 Sq Ft Flat For Sale With Best Room Facilities In Mi...,4,42,3,3,1365,15.831413212039747
1300 Square Ft Residential Apartment For Sale At Pallabi Beside To Pallabi Mazedul Is...,4,10,3,3,1300,15.86963441986494
"Make This 1300 Sq Ft Flat Your Next Residing Location, Which Is Up For Sale In Pallab...",4,10,3,3,1300,15.86963441986494
"Reside Conveniently In This Well Constructed Flat For Sale In Pallabi , Near Pallabi ...",4,10,3,3,1100,15.702580358511794
"850 Sq Ft Residential Flat For Sale In Mirpur, West Kazipara",4,67,2,2,850,15.341567078850604
"A Beautiful Apartment With A View Is Up For Sale At Bashundhara R-a, Block B.",2,2,3,4,2050,16.67341657199967
A Nicely Build 980 Sq Ft And 3 Bedroom Apartment Is Vacant For Sale In Middle Paikpar...,4,29,3,3,980,15.520258832020865
"Covering 1250 Sq Ft Space A Flat Is Up For Sale In Section 11, Mirpur Nearby Mirpur I...",4,22,3,3,1250,15.97017563682372
See This 1250 Sq Ft Apartment For Sale Is All Set For You In Mirpur Close To Mirpur S...,4,22,3,3,1250,15.97017563682372
Picture Yourself In This Residential Apartment Of 1050 Sq Ft For Sale In Shah Ali Bag,4,9,3,3,1050,15.607270193858982
We Bring You A Nice Residence Of 2100 Sq Ft For sale In Mirpur DOHS,4,5,3,4,2100,16.638673625584694
A 650 Sq Ft Residence Is Available To Sale In Mirpur 11,4,22,2,2,650,15.096444681204078
"Residence Of 1160 Sq Ft Is Up For Sale In Adarsha Road, Mirpur 10",4,42,3,3,1160,15.424948670398354
"This Comfy Flat Is Vacant Right Now For Sale In East Kazipara, Which Is 1360 Sq Ft",4,25,3,3,1360,15.894952224644102
A Nicely Constructed Apartment Of 2220 Sq Ft Is Available Right Now For Sale In Bashu...,2,11,4,5,2220,16.993564429978885
"Look At This Nice 1852 Sq Ft Flat Is Up For Sale At Block A, Bashundhara R/A",2,43,3,3,1852,16.88356353960952
1365 Sq Ft Flat Is Up For Sale In Mirpur-10,4,42,3,3,1365,15.831413212039747
Construct Your Relaxing Days In This 1250 Sq Ft Residential Flat For Sale In Mirpur-2,4,38,3,3,1250,15.76142084987672
Visit This 1200 Sq Ft Flat Available For Sale In The Marvelous Locality Of Uttara-3,3,88,3,3,1200,16.36495580701484
"A 885 Sq Ft Flat Is Up For Sale At Senpara Parbata, Mirpur-10",4,42,2,2,885,15.302781062412842
Plan The Calm Life You Always Desire About In This Flat Of 1150 Sq Ft For Sale In Mir...,4,22,3,3,1150,15.891822332027024
Express Your Individuality At This 1400 Sq Ft Apartment At Bashundhara R-a Close To M...,2,26,3,3,1400,16.341239282272525
"Now you can afford to dwell well, check this 1185 SQ FT home which is for sale in Pir...",4,45,3,2,1185,15.856731016694035
A 1400 Sq Ft Flat Is Up For Sale In A Well Secured Location Of South Pirerbag,4,45,3,3,1400,15.919644834185693
Garb This 1300 Sq Ft Residential Apartment For Sale At Uttara,3,31,3,3,1300,15.830413711839864
"2200 Sq Ft Flat For Sale In Block H, Bashundhara R-A",2,23,4,4,2200,16.811242881518265
An Impressive 2400 Sq Ft Residential Apartment Is Up For Sale In The Center Of Uttara...,3,88,4,4,2400,16.860033043306743
Buy This 772 Sq Ft Apartment In Mirpur-10,4,42,2,2,772,15.274125813221904
At Mirpur Flat For Sale Close To Prince Bazar,4,9,3,3,1250,15.717618233614914
Deal With This 1030 Sq Ft Apartment For Sale In Mirpur-7,4,104,3,2,1030,15.607270193858982
2250 Sq Ft Flat Is Now Vacant For Sale In Bashundhara R-a,2,68,3,4,2250,16.705882371415992
1476 Sq Ft Apartment For Sale In Mirpur-11,4,22,3,3,1476,15.894952224644102
"Grab This 1055 Sq Ft Flat Up For Sale In Banasree, Block E",6,6,2,3,1055,15.573368647930426
"We Are Presenting You With This 1200 Sq Ft Apartment For Sale In North Pirerbag, Mirp...",4,45,3,3,1200,15.607270193858982
"1200 Sq Ft Residential Flat For Sale In Mirpur-10, Senpara Parbata",4,42,3,3,1200,15.830413711839864
A Bright Future Is Awaiting You In This 1825 Sq Ft Apartment For Sale In Uttara-5,3,20,3,4,1825,16.73867219244687
"1350 Sq Ft Residential Apartment For Sale In Mirpur, Middle Monipur",4,30,3,3,1350,15.830413711839864
Mirpur Is Offering You A 1250 Sq Ft Apartment For Sale,4,34,3,3,1250,15.648092181712572
"Fairly Large Apartment Of 1240 Square Feet Is Ready For Sale In Block B, Bashundhara ...",2,2,3,4,1240,16.066802461833923
View This 1673 Square Feet Apartment For Sale In Mirpur-11,4,22,3,3,1673,16.257857680289998
This Flat Of 1350 Sq Ft For Sale Is Ready To Arrange Desirable Dwelling Facilities Fo...,7,74,3,3,1350,15.990262393084793
1000 Square Feet Apartment For Sale Is Ready To Offer You A Suitable Home Experience ...,4,60,2,2,1000,15.068273812173887
This 1220 Sq.ft Flat Which Is In Kallyanpur Near IBN SINA Medical College Hospital Fo...,4,33,3,3,1220,15.76142084987672
Get This Well Defined 850 Sq Ft Flat For Sale In Rupnagar R/a,4,35,2,2,850,15.483217567201578
Well Designed 1200 Sq Ft Residential Flat Is There For Sale At Middle Monipur,4,30,3,3,1200,15.424948670398354
