title,city_location,block/sector,bedroom,bathroom,sqrtFeet,price
Your Perfect Urban Home Awaits: Spacious 1090 Sq. Ft. Flat in Uttara Sector 11,0,0,2,2,1090.0,23000.0
"Experience Modern Comfort, Rent a Spacious 1650 Sq. Ft. Flat in Bashundhara R/A",1,1,3,3,1650.0,38000.0
Suitable 1250 Sq Ft Residential Apartment Available for Rent in Mohammadpur,2,2,3,3,1250.0,20000.0
Standard 1300 Square feet Apartment Available For Rent in Mohammadpur,2,2,3,3,1300.0,20000.0
1300 Sq Ft Flat Is Ready For Rent In West Dhanmondi,3,3,3,4,1300.0,35000.0
"Divine 2430 Sq Ft Apartment Is Up For Rent In Gulshan 1, Near The Gulshan Dcc Market.",4,4,3,3,2430.0,130000.0
A Great residence for renting purposes with a space of 1050 SQ FT is available in Kal...,5,5,3,3,1050.0,15000.0
"Make This 3000 Sq Feet Nice Flat Yours, By Renting It In Baridhara, Block K",6,6,4,4,3000.0,190000.0
"4000 Sq Ft Residential Apartment For Rent In Baridhara, Block K",6,6,3,4,4000.0,320000.0
Available Residential Apartment In Nikunja 2 Is Up For Rent.,7,7,1,1,350.0,9500.0
"1650 Sq Ft Flat Available For Rent In The Great Area Of Bashundhara R-a, Block G",1,8,3,3,1650.0,30000.0
"View This 1400 Sq Ft Flat For Rent In Bashundhara R-a, Block I",1,9,3,3,1400.0,30000.0
Offering You Well Constructed 900 Sq Ft Apartment To Rent In Mohammadpur,2,10,3,2,900.0,21000.0
2200 Sq Ft Amazing Flat For Rent In Uttara-4,0,11,3,4,2200.0,60000.0
"2200 Square Feet Apartment Of The Finest Quality Is Up For Rent In Mohammadpur, Babar...",2,12,3,4,2200.0,30500.0
Property In Narinda Beside To Shaheed Jame Masjid – 1450 Sq Ft Flat For Rent,8,13,3,3,1450.0,30000.0
"Choose your destination, 1200 SQ FT flat which is available for rent in Mohammadpur n...",2,14,3,2,1200.0,20000.0
"To Reside In A Beautiful Flat, Visit This Nice Apartment In Mohammadpur",2,10,2,2,850.0,20000.0
Modest 1180 Sq Ft Residential Apartment For Rent In Shyamoli,9,15,3,4,1180.0,22000.0
900 Square Feet Apartment For Rent In tajmahal Road,2,10,3,2,900.0,21000.0
Elegant Flat Of 2200 Sft Is For Rent In Bashundhara Nearby North South University,1,1,3,4,2200.0,40000.0
"1200 Sq Ft Flat Is Now For Rent In Wazuddin Road, Badda",10,16,3,2,1200.0,21000.0
"Sophisticated Style! This 2000 Sq Ft Flat For Rent In Sector 6, Uttara Is All About I...",0,17,3,4,2000.0,43000.0
1510 Sq Ft Flat With 3 Bedrooms For Rent In Bashundhara R-a,1,18,3,3,1510.0,37000.0
Have A Look At This 1000 Sq Ft Property Which Is Up For Rent Located At Middle Badda,10,19,3,2,1000.0,21000.0
Suitable 1100 SFT Apartment For Rent In Uttara 14,0,21,3,2,1100.0,26000.0
"Live In Excellence – 3 Bedroom Flat For Rent In Block E, Aftabnagar",11,18,3,3,1450.0,25000.0
Unfurnished | Cozy Apartment | Best Layout,1,22,3,3,1150.0,25000.0
1150 Sq Ft Flat For Rent In Bashundhara R-a,1,22,3,3,1150.0,25000.0
A Beautifully Constructed Apartment Of 1755 Sq Ft Is Vacant Right Now For Rent In Blo...,11,18,3,3,1755.0,30000.0
1650 Sq Ft Amazing Flat For Rent In Maghbazar,12,23,3,4,1650.0,40000.0
Reside In This 1300 Sq Ft Apartment Available For Rent In Mid Badda,10,19,3,3,1300.0,25000.0
"1100 Sq Ft Apartment For Rent In Banasree, Block G",13,8,3,2,1100.0,22000.0
"Make this 1350 SQ FT home your next residing location, which is up to Rent in West Ag...",14,24,3,3,1350.0,22000.0
You Will Be Thankful For The Peaceful Atmosphere This Flat Of 2270 Sq Ft Is Going To ...,1,25,3,4,2270.0,45000.0
Visit This 700 Sq Ft Rentable Property To Make It Your New Home In West Kafrul,15,26,2,2,700.0,15000.0
"Plan To Move In This 1150 Sq Ft Flat Which Is For Rent In Block L, Bashundhara R/A",1,22,3,3,1150.0,25000.0
Spectacular 2750 Sq Ft Apartment For Rent In Gulshan,4,20,4,4,2750.0,200000.0
Remarkable 2750 Sq Ft Ready Apartment For Rent In Gulshan 2,4,20,4,4,2750.0,200000.0
"Reside Conveniently In This Well Constructed 1800 Sq Ft Flat For Rent In Sector 6, Ut...",0,17,3,3,1800.0,50000.0
"In Block E, Section 1, Mirpur With Satisfactory Price, A Flat Of 500 Sq Ft Is For Ren...",5,27,2,1,500.0,10000.0
"You’re At The Right Place When You’re Here – 1050 Sq Ft Flat For Rent In Block B, Ban...",13,1,3,2,1050.0,20000.0
"Create Your New Home In A Nice Flat Of 2000 SFT For Rent In Bashundhara, Near Apollo ...",1,28,3,4,2000.0,40000.0
Commodious 1600 Sq Ft Apartment For Rent In Uttara,0,21,3,3,1600.0,35000.0
"1100 Square Feet Perfect Apartment For Rent In Mohammadpur, Pc Culture Housing",2,29,3,2,1100.0,22000.0
Tastefully Designed This 2100 Sq. Ft Apartment Is Now Vacant For Rent In Gulshan 2,4,20,3,3,2100.0,70000.0
"Get Comfortable In A 2250 Sq Ft Flat For Rent In Bashundhara R/a, Near North South Un...",1,25,4,4,2250.0,45000.0
Suitable 1400 Sq Ft Apartment Is Ready To Rent In Aftab Nagar,11,30,3,3,1400.0,30000.0
Standard 1500 Sq Ft Apartment Is Ready To Rent In Aftab Nagar,11,18,3,3,1500.0,30000.0
Standard 1450 Sq Ft Apartment For Rent In Aftab Nagar,11,18,3,3,1450.0,25000.0
"Reside At Ease, In This 1325 Sq Ft Flat For Rent In Naya Paltan",16,31,3,3,1325.0,32000.0
1750 Sq Ft Flat With 3 Bedrooms For Rent In Uttara-10,0,32,3,3,1750.0,60000.0
1750 Sq Ft Flat For Rent In Uttara-10,0,32,3,3,1750.0,60000.0
A Wonderful 1480 Sq Ft Flat Is For Rent In Bashundhara R-a,1,18,3,3,1480.0,37000.0
"4 Bedroom Residential Apartment For Rent In Block D, Bashundhara R/A",1,25,4,4,2800.0,50000.0
"Looking For A Perfect Family Home To Rent In Banasree, Check This 1700 Sq Ft Well Fea...",13,18,4,4,1700.0,35000.0
1300 Sq Ft Great Flat With A Nice View Is For Rent In Baridhara Dohs,17,15,3,2,1300.0,40000.0
A Substantial Apartment Of 1200 Sq Ft Is Vacant For Rent In Vatara,10,16,3,2,1200.0,21000.0
1200 Sq Ft Apartment Is For Rent In Mirpur-1,5,27,3,3,1200.0,19000.0
"Deal With This 1000 Sq Ft Apartment Ready For Rent In Aftab Nagar, Block E",11,18,3,2,1000.0,22000.0
"Grab This 1050 Sq Ft Beautiful Flat Is Vacant For Rent In Middle Paikpara, Mirpur",5,33,3,2,1050.0,16000.0
"At Uttara 11, 1800 Square Feet Flat For Rent Close To Police Station",0,0,3,4,1800.0,40000.0
4350 Square Feet Full Furnished Apartment For Rent In Gulshan 1,4,4,4,4,4350.0,350000.0
"4000 Sq Ft Spacious Apartment For Rent In Baridhara, Block K",6,6,4,4,4000.0,380000.0
"2800 Sq Ft Full Furnished Apartment With Standard And Modern Fittings, Is Up For Rent...",4,20,3,3,2800.0,250000.0
Deal With This 1690 Sq Ft Flat For Rent In Tejgaon,18,34,3,3,1690.0,53000.0
Your Desired Large 3 Bedroom Apartment Is For Rent In Bashundhara R-a Near Apollo Hos...,1,28,3,4,2000.0,40000.0
2880 SFT Ready Apartment For Rent In Baridhara Block K .,6,6,3,3,2882.0,200000.0
"Deal With This 1400 Sq Ft Apartment Ready For Rent In Aftab Nagar, Block F",11,30,3,3,1400.0,30000.0
Standard 1400 Sq Ft Apartment Is Ready To Rent In Aftab Nagar,11,30,3,3,1400.0,30000.0
Modest 1100 Sq Ft Apartment For Rent In Banasree,13,8,3,2,1100.0,22000.0
1100 Square Feet Residential Flat For Rent In Uttar Badda,10,35,3,3,1100.0,25000.0
Vacant Now | Three Bedrooms Apartment | Ready To Rent In Banasree,13,30,3,3,1450.0,30000.0
"Take This Nice 1200 Sq Ft Full Furnished Apartment In Bashundhara R-a, To Fulfill You...",1,25,2,2,1200.0,60000.0
Attention Home Finders! A 750 Sq.ft-2 Bedroom Flat Is Up For Rent At Pc Culture Housi...,2,29,2,2,750.0,20000.0
Offering You A 1370 sq ft nice Flat For Rent In Sjahjadpur,10,36,3,3,1370.0,35000.0
"In The Location Of Bashundhara , 3 Bedroom Apartment Is Up To Rent Near Oxford Founda...",1,25,3,3,1300.0,40000.0
To Get A Trouble Free Life You Can Take Rent This 2450 Sq Ft Full Furnished House In ...,1,37,3,3,2450.0,125000.0
Affordable And Beautiful Flat Is Up For Rent In Uttara Which Is 1500 Sq Ft,0,32,3,3,1500.0,55000.0
A Rightly Planned Furnished Flat Is Found For Rent In Bashundhara Nearby Bashundhara ...,1,9,3,4,1850.0,75000.0
"1450 Sq Ft Apartment Is Ready For Rent In Aftab Nagar, Block F",11,30,3,3,1450.0,25000.0
Live In This 1200 Sq Ft Full-furnished Flat For Rent In Uttara-14,0,21,2,2,1200.0,100000.0
1750 Square Feet Flat Is Ready For Rent In Uttara 9,0,38,3,3,1750.0,40000.0
"Reasonable 1508 Sq Ft Flat Is Available For Rent In Bashundhara R-a, Block H",1,39,3,3,1508.0,27000.0
"Lovely Apartment Of 1400 Sq Ft Is Up For Rent In Circular Road, Dhanmondi",3,40,3,4,1400.0,30000.0
1250 Sq Ft Apartment For Rent In Kallyanpur With All Facilities,5,5,3,2,1250.0,25000.0
A Convenient And Well-constructed 3100 Sq.ft Flat Is For Rent At Gulshan 1.,4,4,3,4,3100.0,120000.0
"2000 Sq Ft Modern Flat With Good Accommodations Is Up For Rent In Bashundhara R-a, Bl...",1,37,3,3,2000.0,36000.0
"1300 Sq Ft Furnished Apartment For Rent Near North South University, In Bashundhara R...",1,25,3,3,1300.0,60000.0
Pursue This 900 Square Feet Apartment Up For Rent In Mirpur,5,41,2,2,900.0,15000.0
"1300 Sq Ft Apartment For Rent In Shah Ali Bag, Mirpur",5,27,3,2,1300.0,30000.0
"1200 Sq Ft Amazing Apartment Is For Rent In Mirpur, Kallyanpur",5,5,3,3,1200.0,22000.0
Reasonable 1640 Square Feet Apartment For Rent In Old Eskaton,19,42,3,3,1640.0,45000.0
"1200 Sq Ft Perfect Apartment Is For Rent In Mirpur, Darussalam",5,43,3,3,1200.0,20000.0
3500 Sq Ft Full Furnished Flat For Rent In Gulshan 2,4,20,4,5,3500.0,180000.0
"1750 Square Feet Pleasant Apartment For Rent In Mohammadpur, Gajanabi Road",2,45,3,4,1750.0,40000.0
Kallyanpur Is Offering A 1285 Sq Ft Flat For Rent To Pick It For Your Next Home.,5,5,3,3,1285.0,17000.0
A 850 Sq Ft Flat Is Up For Rent In A Well Secured Location Of North Pirerbag,5,46,2,2,850.0,18000.0
"We Are Delighted To Offer This Stunning 1250 Sq Ft Apartment For Rent, Located In Nob...",2,47,3,3,1250.0,20000.0
See This 4200 Sq Ft Apartment For Rent Is All Set For You In Gulshan 2,4,20,5,5,4200.0,250000.0
Apartment For Rent In Gulshan Nearby United Hospital And Russian Embassy,4,20,4,4,5200.0,310000.0
Reasonable 1400 Sq Ft Flat For Rent In Mohammadpur,2,48,3,2,1400.0,22000.0
"1350 Sq Ft Flat Is Up For Rent In Mohammadpur, Tajmahal Road",2,10,3,3,1350.0,40000.0
2290 Sq Ft Nice Apartment For Rent In Uttara-12,0,49,3,4,2290.0,55000.0
"1250 Sq Ft Residential Apartment For Rent In Borobag, Mirpur",5,50,3,3,1250.0,26000.0
Deal With This 1250 Sq Ft Apartment Ready To Rent In Mirpur-12,5,51,3,3,1250.0,25000.0
Property For Rent In Banasree – 1150 Sq Ft Apartment,13,52,3,2,1150.0,21000.0
Appealing Property In Banasree – 1150 Sq Ft Flat For Rent,13,52,3,2,1150.0,21000.0
"1100 Sq Ft Apartment For Rent In Shyamoli, Mohonpur Road",9,53,3,3,1100.0,22000.0
2000 Sq.ft Spacious Apartment Is Up For Rent In Gulshan 2,4,20,3,3,2000.0,100000.0
"1050 Sq Ft Wonderful Apartment Is Ready For Rent In Mirpur, Ahmed Nagar",5,54,3,3,1050.0,15000.0
1850 Square Feet Full Furnished Apartment Is Ready For Rent In Uttara-11,0,0,3,4,1850.0,70000.0
"A 1350 Sq Ft Residence For Rent With Spacious Bedrooms, Located At Boro Maghbazar",12,55,3,3,1350.0,25000.0
Prominent 2800 Square Feet Semi-furnished Apartment For Rent In Banani,20,56,4,4,2800.0,150000.0
We Got A 2190 Sq Ft Flat For Rent In This Uttara-12 Area Which Is Very Affordable And...,0,49,3,4,2190.0,70000.0
"Great Location! Check Out This 2385 Sq Ft Flat For Rent In Sector 12, Uttara",0,49,4,4,2385.0,70000.0
A Well Sized 1200 Sq Ft Residential Home Is Available For Rent At Shyamoli,9,57,3,3,1200.0,20000.0
2350 Sq Ft Road Sided Furnished Apartment For Rent In Gulshan,4,4,3,3,2350.0,160000.0
At Banani Nice Flat Up For Rent Near Banani Police Station,20,58,3,4,2100.0,85000.0
2200 Sq Ft Apartment For Rent Is Located On Gulshan Near To Scholastica School Gulsha...,4,20,3,4,2200.0,140000.0
Live In This 1950 Square Feet Apartment For Rent In Old Eskaton,19,42,3,4,1950.0,45000.0
Notable 1600 Sq Ft Ready Apartment For Rent In Aftab Nagar,11,1,3,3,1600.0,28000.0
Grab This 1500 Square Feet Apartment For Rent In Kalabagan,21,59,3,3,1500.0,45000.0
Splendid 3000 Square Feet Residential Apartment For Rent In Kalabagan,21,60,5,5,3000.0,80000.0
"1050 Square Feet Apartment Is For Rent In Mirpur, Monipur",5,61,3,2,1050.0,15000.0
"Grab This 1450 Sq Ft Apartment For Rent In Banasree, South Banasree Project",13,62,3,3,1450.0,24000.0
"Meet With A Fascinating 1500 Sq Ft Ready Flat For Rent In Block C, Lalmatia",22,63,3,3,1500.0,40000.0
Use Your Time Perfectly To Take This 2000 Sq Ft Apartment For Rent In Baridhara,6,37,3,4,2000.0,45000.0
Take A Look At This 1200 Sq Ft Flat To Rent In Rampura,23,64,3,3,1200.0,25000.0
Grab This 950 Sq Ft Full Furnished Apartment For Rent In Uttara-9,0,38,3,2,950.0,55000.0
An Apartments Of 2900 Sq Ft Is Available For Rent In The Most Prime Location Of Gulsh...,4,20,4,4,2900.0,160000.0
Pursue This 1654 Sq Ft Apartment For Rent In Uttara-18,0,65,3,4,1654.0,55000.0
Fairly Large Apartment Of 2300 Sq Ft Is Ready For Rent In Gulshan 2,4,20,3,3,2300.0,130000.0
Be The Dweller Of This Beautiful 1200 Sq Ft Residential Property Vacant For Rent At M...,2,29,3,3,1200.0,20000.0
A Nicely Built 1100 Sq Ft 3 Bedroom Apartment Is Available For Rent In Tolarbag,5,27,3,3,1100.0,17000.0
A Nice Soundless Apartment For Rent In Mohammadi Housing Ltd.,2,48,3,4,2000.0,35000.0
"900 Sq Ft Flat For Rent In West Shewrapara, Near To Baitul Arafa Masjid",5,41,2,2,900.0,15000.0
Rarely Available A Spacious Apartment Is Up For Rent At Adabor Nearby Crest Internati...,24,66,3,3,1360.0,25000.0
Visit This Apartment For Rent In Bashundhara R-A Near Sunflower School And College,1,63,3,4,1690.0,35000.0
2500 Square Feet Amazing Home Is Up For Rent In Uttara Near To Lubana General Hospita...,0,67,3,4,2500.0,70000.0
"Have A Look At This 1950 Sq Ft Flat For Rent Near By Radical Hospital In Uttara, Sect...",0,49,3,4,1950.0,35000.0
Suitable 1525 Square Feet Apartment Is Up For Rent In New Eskaton Road,19,68,3,3,1525.0,40000.0
Here Is A Beautiful Residence Of 1350 Sq Ft Waiting For Rent At Banasree,13,18,3,3,1350.0,30000.0
"1400 Sq Ft Apartment For Rent In Banasree, Block E",13,18,3,3,1400.0,30000.0
"Modest 1300 Sq Ft Apartment Is Available For Rent, Kallyanpur",5,5,3,3,1300.0,20000.0
Vacant Now | Three Bedrooms 1600 Sq Ft Apt. | Ready To Rent in Aftab Nagar,11,39,3,3,1600.0,26000.0
A Beautifully Constructed Apartment Of 1900 Sq Ft Is Vacant Right Now For Rent In She...,25,69,3,3,1900.0,40000.0
Offering You 1250 Sq Ft Well-constructed Flat To Rent In Shukrabad,3,70,3,2,1250.0,30000.0
For Renting 1800 Square Feet Home Is Available In Aftab Nagar,11,30,3,4,1800.0,25000.0
"1400 Sq Feet Flat Is Ready To Grow Your Home Experience In Aftab Nagar , Block E",11,18,3,3,1400.0,25000.0
A Well Defined Flat Of 1250 Sq Ft In South Banasree Project Is Available For Rent,13,62,3,3,1250.0,20000.0
West Rampura Offers You This Lovely Home Of 2 Bedroom Which Is Vacant Right Now For R...,23,71,2,2,900.0,25000.0
Exquisite Flat Of 1465 Sq Ft Is Ready For Rent In Shantinagar,26,72,3,3,1465.0,30000.0
Modern 1800 sq ft flat is up for rent in bashundhara r-a,1,8,3,4,1800.0,60000.0
1600 Sq Ft Vacant Flat For Family Is Ready For Viewing At Lalmatia,22,30,3,3,1600.0,45000.0
"This 2500 Sq Ft Apartment Is Now Available And Vacant For Rent In Sector 6, Uttara",0,17,3,3,2500.0,110000.0
Appealing Property In Bashundhara R/A – 2410 Sq Ft Flat For Rent,1,28,3,4,2410.0,55000.0
"Deal With This 1400 Sq Ft Apartment For Rent In Banasree, Block E",13,18,3,3,1400.0,30000.0
5500 Sq Ft Spacious Flat With Modern Home Fittings Is For Rent In Gulshan 2,4,20,5,5,5500.0,290000.0
An Apartment Of 3500 Sq Ft Is Available For Rent In The Most Prime Location Of Gulsha...,4,4,4,4,3500.0,180000.0
3000 Sq Ft Apartment For Rent In Gulshan 2,6,6,3,4,3000.0,150000.0
Visit This Flat For Rent In Lalmatia Nearby Lalmatia Girls&#039; High School,22,18,3,3,1400.0,40000.0
Amazing Flat Of 1700 Sq Ft Is Up For Rent In Shyamoli,9,73,3,3,1700.0,35000.0
Wonderful Flat Of 1700 Sq Ft Is Available For Rent In Shyamoli,9,73,3,3,1700.0,35000.0
1600 Square Feet 3 Bed Apt. Is Ready To Rent In Kalabagan,21,60,3,3,1600.0,40000.0
1900 Sq Ft Standard Flat Is Up For Rent In Lalmatia,22,30,3,4,1900.0,44000.0
Comfortable And Nicely Planned Flat In Kallyanpur For Rent Nearby Kallyanpur Shahi Ma...,5,5,4,3,1400.0,20000.0
"Start A New Home, In This 1400 Sq Ft Apartment For Rent In Baitul Aman Housing Societ...",24,66,3,3,1400.0,22000.0
An Apartment Of 1500 Square Feet For Rent Is All Set For You To Settle In Shyamoli,9,15,3,3,1500.0,25000.0
1175 Square Feet Apartment Is For Rent In Mirpur,5,61,3,3,1175.0,18000.0
Avail The Lucrative Deal Of Renting This 1000 Sq Ft Apartment In West Dhanmondi,3,3,2,3,1000.0,30000.0
A Very Well-fitted Apartment Is Here Sited At Darussalam Featuring 1600 Sq Ft Space F...,5,43,3,3,1600.0,25000.0
Grab This 700 Sq Ft Flat Up For rent In Mohammadpur Near Mohammadpur Girls&#039; High...,2,74,2,2,700.0,21000.0
Check This Flat In Bashundhara R-a For Rent Which Is Ready To Move In,1,8,3,3,1530.0,27000.0
Flat For Rent In Baridhara Block J Near High Commission Of Malaysia,6,37,3,4,2000.0,45000.0
"Beautiful and well-constructed 2000 SQ Ft apartment is ready for rent at Bashundhara,...",1,9,3,3,2000.0,35000.0
2000 Square Feet Apartment For Rent In Gulshan 1,4,4,3,3,2000.0,100000.0
"Get Comfortable In A 1650 Sq Ft Flat For Rent In Dhanmondi, Near Dhanmondi Club And C...",3,75,3,3,1650.0,50000.0
"Grab This 1860 Sq Ft Nice Flat, Which Is Vacant To In Banglamotors Area.",27,76,2,3,1860.0,35000.0
Ready To Rent | 1450 SFT Apartment | Well Maintained,11,18,3,3,1450.0,26000.0
"Take This 1150 Sq Ft Apartment For Rent In Aftab Nagar, Block G",11,8,3,3,1150.0,20000.0
"Make This 1300 Sq Ft Flat Your Next Residing Location, Which Is Up For Rent In Mirpur",5,77,3,3,1300.0,17000.0
Suitable 1096 Sq Ft Residential Apartment For Rent In Mirpur,5,77,3,3,1096.0,20000.0
Modest 1442 Square Feet Apartment For Rent In Adabor,24,66,3,3,1442.0,25000.0
"2200 Sq Ft Flat With 3 Bedrooms For Rent In Uttara, Sector 6",0,17,3,3,2200.0,65000.0
1200 Square Feet Well-constructed Apartment Is Available In Adabor For Rental Purpose,24,66,3,3,1200.0,20000.0
1415 Sq Ft Fine Flat Is Now For Rent Which Is In Shyamoli Near To Shyamoli Square,9,15,3,3,1415.0,30000.0
"Reside conveniently in this well constructed 1380 SQ FT flat for rent in Uttara, near...",0,32,3,4,1380.0,25000.0
For rental purpose 1215 SQ FT flat is now up for rent in Bashundhara R/A close to Jam...,1,63,3,3,1215.0,25000.0
See This 2000 Square Feet Apartment Is For Rent In Bashundhara R-a Near Apollo Hospit...,1,28,3,4,2000.0,40000.0
"Looking For A Perfect Family Home To Rent In Motijheel, Check This 1200 Sq Ft Well Fe...",16,78,3,3,1200.0,30000.0
A Beautifully Constructed Apartment Of 1520 Sq Ft Is Vacant Right Now For Rent In Wes...,14,24,3,3,1520.0,27000.0
Grab This Lovely Flat Of 1168 Sq Ft Is Up For Sale In West Agargaon Before It&amp;#03...,14,24,3,2,1000.0,15500.0
This 1600 Sq Ft Well Defined Flat Is Now Vacant To Rent In Baitul Aman Housing Societ...,24,66,3,4,1600.0,23000.0
A Very Well-fitted Apartment Is Here Sited At Aftab Nagar Featuring 1250 Sq Ft Space ...,11,1,3,3,1250.0,25000.0
A Relaxing 750 Sq Ft Residential Property Is Up For Rent At Nikunja 2,7,7,2,2,750.0,21000.0
"Find 1400 Sq Ft Flat Available To Rent In Shahjadpur, Badda",10,36,3,3,1400.0,28000.0
Beautiful Flat Of 1250 Sq Ft Is Vacant Right Now For Rental Purpose In Dakkhin Paikpa...,5,79,3,3,1250.0,17000.0
A Modern Well-planned Flat Of 1250 Sq Ft Is Up For Rent Is Situated In Dakkhin Paikpa...,5,79,3,3,1250.0,18000.0
Suitable 1580 Sq Ft Residential Apartment For Rent In Tejkunipara,18,34,3,4,1580.0,42000.0
Deal With This 1750 Sq Ft Flat For Rent In Uttara-10,0,32,3,3,1750.0,60000.0
Fabulous 3900 Sq Ft Ready Apartment For Rent In Gulshan 2,4,20,4,5,3900.0,320000.0
Checkout This 3900 Sq Ft Apartment For Rent In Gulshan 2,4,20,4,5,3900.0,320000.0
Elite 1600 Square Feet Residential Apartment For Rent In Gulshan,4,20,3,3,1600.0,90000.0
Excellent Flat Of 3500 Sq Ft Is All Set For Rent In The Fine Location Of Gulshan 2,4,20,5,5,3500.0,300000.0
"In The Nice Location Of South Pirerbag, An Apartments Of 1000 Sq Ft Is Available For ...",5,46,2,2,1000.0,14000.0
An Apartment Of 1550 Sq. Ft For Rent Is All Set For You To Settle In West Kafrul Clos...,15,26,3,4,1550.0,30000.0
"Grab This 1600 Sq Ft Modern Flat To Rent In Bashundhara R-a, Block E",1,18,3,3,1600.0,30000.0
Vibrant 3800 SFT Ready Apartment For Rent In Baridhara,6,6,4,5,3800.0,260000.0
Worthy 1100 SQ FT Residential Apartment is ready to Rent at Ashkona,28,80,3,2,1100.0,20000.0
"Have A Look At This 1500 Sq Ft Property Which Is Up For Rent Located At Block E, Bash...",1,18,3,3,1500.0,27000.0
Spacious 2750 Square Feet Apartment For Rent In Gulshan 1,4,4,3,3,2750.0,110000.0
"Plan To Move In This 1250 Sq Ft Flat Which Is For Rent In Block D, Bashundhara R-A",1,25,3,3,1250.0,32000.0
A Fascinating 1560 Sq Ft 3- Bedroom Apartment For Rent In Bashundhara Block H,1,39,3,3,1560.0,23000.0
For Rental Purpose 900 Sq Ft Home Is Now Up To Rent In Uttara,0,0,2,2,900.0,22000.0
"Vast 3500 Sq Ft Flat Available For Rent In Bashundhara R-a, Block C",1,63,4,4,3500.0,110000.0
1500 SQ FT flat is now for Rent which is in Uttara near to Welfare Association,0,32,3,3,1500.0,22000.0
Get comfortable in a 1450 SQ FT flat for rent in Bashundhara R-A,1,6,3,3,1450.0,26000.0
"Grab This 1600 Sq Ft Flat Available For Rent In Bashundhara R-a, Block H",1,39,3,3,1600.0,30000.0
"2500 Sq Ft Flat For Rent In Bashundhara R-A, Block J",1,37,3,4,2500.0,38000.0
"Nice And Cozy This 2440 Sq. Ft. Flat For Rent Is Located At Gulshan 1, Near To Intern...",4,4,4,4,2440.0,150000.0
A 1500 Sq Ft -3 Bedroom Flat Is Ready For Rent At Uttara-3.,0,81,3,3,1500.0,35000.0
"2088 Square Feet Apartment Of Good Quality Is For Rent In Mohammadpur, Iqbal Road",2,82,3,3,2088.0,65000.0
Grab This 1400 Sq Ft Apartment For Rent In Banasree,13,8,3,3,1400.0,25000.0
"View This 1876 Sq Ft Flat Ready For Rent In Hazaribag, Shahjahan Sir Road",25,83,4,3,1876.0,22000.0
"2100 Sq Ft Flat For Rent In Bashundhara R-a, Block D",1,25,4,4,2100.0,45000.0
"Looking For A Perfect Family Home To Rent In Adabor, Check This 3 Bedroom Residence",24,66,3,3,1250.0,20000.0
Get Ready For Your Countless Peaceful Days By Renting This 1700 Sq Ft Flat At West Dh...,3,3,3,3,1600.0,50000.0
Suitable For Family Living A 1318 Sq Ft Flat Is Available For Rent In South Banasree ...,13,62,3,3,1318.0,21000.0
"Well-fitted Apartment Is Here Sited At Bashundhara Block F, Featuring 2300 Sq Ft Spac...",1,30,4,4,2300.0,50000.0
"Smartly Priced 2500 Sq Ft Flat, That You Should Check In Bashundhara R-a",1,39,4,4,2500.0,45000.0
"Pursue This 1100 Sq Ft Semi-furnished Flat To Rent In Bashundhara R-a, Block A",1,28,3,2,1100.0,27000.0
A Budget Friendly Lovely Residence Is Now Up For Rent In North Pirerbag Which Is 1300...,5,46,3,3,1300.0,25000.0
"2200 Sq Ft Full Furnished Apartment Is Available For Rent In Bashundhara R-a, Block D",1,25,3,3,2200.0,100000.0
This Vacant Apartment Of 1802 Sq Ft Situated In Banani Is Up For Rent,20,84,3,3,1802.0,230000.0
Wonderful Flat Of 3850 Sq Ft Is Available For Rent In Gulshan 2,4,20,4,4,3850.0,320000.0
We Got A 1250 Sq Ft Flat For Rent In This Mohammadpur Area Which Is Very Affordable A...,2,47,3,3,1250.0,22000.0
"1300 Square Feet Apartment Is Ready For Rent In Mirpur, Ahmed Nagar",5,54,3,3,1300.0,19000.0
"Get Ready To Rent This Ideally Maintained 1800 Sq Ft Apartment Located In Block A, Ba...",1,28,3,3,1800.0,100000.0
3500 Sq Ft Flat Is Now Vacant To Rent In Baridhara,6,6,4,4,3500.0,220000.0
Rent This Nicely Built 1450 Sq Ft Flat Available In Bashundhara R-a,1,6,3,3,1450.0,28000.0
1250 Sq Ft Flat With 3 Bedrooms Is For Rent In Badda,10,35,3,2,1250.0,22000.0
Ready To Rent | Well-maintained 1250 Sq ft Apartment In Badda,10,35,3,2,1250.0,22000.0
Prominent 2500 Square Feet Full Furnished Apartment For Rent In Gulshan 1,4,4,3,3,2500.0,150000.0
1370 Sq Ft Brand New Flat For Rent In Mohammadpur,2,85,3,3,1370.0,30000.0
Reside Conveniently In This Comfortable 3000 Sq.ft Flat For Rent At Baridhara - Block...,6,6,4,4,3000.0,190000.0
"Baridhara Is Pleased To Offer You This Elegantly Designed 1700 Sq Ft Flat, For Rent",6,6,3,3,1700.0,95000.0
A very beautiful 1700 SQ FT residence is now available for rent in Baridhara,6,6,3,3,1700.0,80000.0
Be the awaited occupant of 1700 SQ FT residential flat waiting to get rented at Barid...,6,6,3,3,1700.0,90000.0
Visit This Apartment For Rent In Uttara Near Uttara 11 Sector Park.,0,86,3,4,1800.0,65000.0
Budget-friendly 600 Sq Ft Residential Apartment For Rent In Sutrapur,8,87,2,1,600.0,10000.0
Offering You 1887 Sq Ft Apartment To Rent In Bashundhara R-A,1,28,3,4,1887.0,38000.0
"1300 Square Feet Flat Is Up For Rent In Mohammadpur, Tajmahal Road",2,10,3,3,1300.0,40000.0
"Move In This 2800 Sq Ft Well Fitted Flat Which Is Located At Baridhara, For Rent",6,6,4,5,2800.0,120000.0
Prominent 2800 Sq Ft Ready Apartment For Rent In Baridhara,6,6,3,3,2800.0,360000.0
Spacious 4300 Square Feet Residential Apartment For Rent In Gulshan 1,4,4,4,4,4300.0,220000.0
Adabor Is Offering You A 1500 Sq Ft Apartment For Rent,24,88,3,3,1500.0,25000.0
A Perfect Flat Of 4200 Sq Ft For Living With Family Is Available For Rent At Banani D...,29,15,5,5,4200.0,320000.0
A nicely constructed apartment of 1850 SQ FT can be found in Bashundhara R-A for rent,1,22,3,4,1850.0,23000.0
1500 Sq Ft Lovely Flat For Rent In Baridhara Dohs,17,15,3,3,1500.0,45000.0
Spacious Flat In A Serene Location | 1550 Sq Ft Home For Rent In Bashundhara R-a,1,39,3,3,1550.0,30000.0
Spectacular 3500 Sq Ft Ready Apartment For Rent In Gulshan 2,4,20,4,4,3500.0,260000.0
"1410 Sq Ft Nicely Planned Apartment Is Available For Rent In Shyamoli Housing, Mohamm...",2,89,3,3,1410.0,22000.0
Beautiful And Well-constructed 1145 Sq Ft Flat Is Ready To Rent At Mohammadpur,2,48,2,3,1145.0,20000.0
4000 Sq Ft Ready Apartment For Rent In Baridhara,6,6,3,4,4000.0,360000.0
"Close To Rajuk Uttara Model College, A 2900 Sq Ft Spacious Residential Apartment Is R...",0,17,4,4,2900.0,80000.0
"Checkout This Brand New Flat Of 2300 Sq Ft Up For Rent In Bashundhara R/a, Block D",1,25,4,4,2300.0,50000.0
Pursue This 2300 Sq Ft Full Furnished Apartment For Rent In Baridhara,6,6,3,3,2300.0,130000.0
Visit This 1500 Sq Ft Apartment For Rent In Uttara 14,0,21,3,3,1500.0,50000.0
"In The Location Of Dhanmondi , 3-Bedroom Apartment Is Up To Rent",3,90,3,3,2300.0,55000.0
3600 Sq Ft Fabulous Apartment For Rent In Gulshan 2,4,20,4,4,3600.0,160000.0
1200 Square Feet Apartment Is Up For Rent At Baitul Aman Housing Society Nearby Baitu...,24,66,3,3,1200.0,20000.0
Create Your Home In A 1100 Sq Ft Apartment For Rent In Paikpara,5,54,3,3,1100.0,16000.0
Comfortable And Well-designed Full Furnished Apartment Of 1950 Sq Ft In Uttara For Re...,0,81,3,3,1950.0,150000.0
To Get A Hassle Free Life You Can Take Rent This 2200 Sq Ft Flat In South Banasree Pr...,13,62,4,3,2200.0,31000.0
"To Live A Secure Life You Can Take This 2300 Sq Ft Flat For Rent At West Rampura, Moh...",23,71,5,5,2300.0,40000.0
At Naya Paltan Nice Flat Up For Rent Near Islami Bank Specialized And General Hospita...,16,31,3,4,1700.0,55000.0
"Reside Conveniently In This Well Constructed 1250 Sq Ft Flat For Rent In Kallyanpur, ...",5,5,3,3,1250.0,20000.0
Get Ready To Rent This Admirably Managed 1500 Sq Ft Apartment Located In Pc Culture H...,2,29,3,3,1500.0,26000.0
Modest 1250 Sq Ft Ready Apartment For Rent in Malibagh,30,91,3,3,1250.0,30000.0
1250 Sq Ft Apartment For Rent In Malibagh With All Facilities,30,91,3,3,1250.0,30000.0
1250 Sq Ft Modern Apartment For Rent At Malibagh,30,91,3,3,1250.0,30000.0
Vast 4300 Square Feet Apartment For Rent In Gulshan 1,4,4,4,4,4300.0,220000.0
Spectacular 4300 Square Feet Apartment For Rent In Gulshan 1,4,4,4,4,4300.0,220000.0
"When Location, And Convenience Is Your Priority This Rental Flat Of 4,300 Sq Ft Is Fo...",4,4,4,5,4300.0,220000.0
"An Apartment Is For Rent At Mirpur, Near Paikpara Central Jame Masjid",5,33,3,3,1114.0,15000.0
An Amazing 2700 Sq Ft Apartment Is For Rent In Gulshan 2,4,20,4,4,2700.0,150000.0
Have A Look At This 850 Sq Ft Property Which Is Up For Rent Located At Pc Culture Hou...,2,29,2,2,850.0,20000.0
"1600 Square Feet Apartment For Rent In Mohammadpur, Pc Culture Housing",2,29,3,3,1600.0,40000.0
"Secure This 3000 Sq Ft Apartment For Rent In Baridhara, Block K",6,6,4,4,3000.0,140000.0
"Fully Furnished 3,600 Square Feet Apartment Ready For Rent In Baridhara",6,6,4,4,3600.0,300000.0
2200 Sq Ft Apartment With 3 Bedrooms For Rent In Uttara-12,0,49,3,4,2200.0,55000.0
Extravagant 5000 Sq Ft Ready Semi Furnished Apartment For Rent In Gulshan 2,4,20,4,5,5000.0,380000.0
Get Comfortable In A 1450 Sq Ft Nice Flat For Rent In Malibagh First Lane,30,92,3,3,1450.0,35000.0
Remarkable Flat Of 3750 Sq Ft Is Up For Rent In Gulshan 2,4,20,4,4,3750.0,300000.0
Amazing Flat Of 3750 Sq Ft Is Now Ready To Rent In Gulshan 2,4,20,4,4,3750.0,300000.0
This Ready 2000 Square Feet Apartment Is Up For Rent At Uttara -6 .,0,17,3,4,2000.0,50000.0
Offering You Nice 1900 Sq Ft Apartment To Rent In Uttara,0,32,3,4,1900.0,40000.0
A Very Impressively Done 1700 Sq Ft Rental Residential Flat Is In The Center Of Barid...,6,6,3,3,1700.0,80000.0
"Take Rent This 1500 Sq Ft Nice Flat For Living A Pleasant Life In Mazar Road, Mirpur",5,77,3,3,1500.0,30000.0
2600 Sq Ft Spacious And Great Apartment For Rent In Mohakhali Dohs,31,93,4,4,2600.0,110000.0
"2088 Square Feet Apartment For Rent In The Great Location Of Mohammadpur, Iqbal Road",2,82,3,4,2088.0,70000.0
"Take This Nice 2150 Sq Ft Rental Apartment In Bashundhara R-A, Block C To Fulfill You...",1,63,3,3,2150.0,45000.0
"Notable 2,150 SFT Apartment for Rent in Bashundhara R-A",1,28,3,5,2150.0,33000.0
"A Convenient 2450 Sq Ft Residential Flat Is Prepared To Be Rented At Sector 6, Uttara",0,17,3,3,2450.0,50000.0
"Available For Rental Purpose, This 1150 Sq Ft Apartment In Malibagh Chowdhury Para",30,91,3,2,1150.0,26000.0
Comfortable And Nicely Planned Flat In Uttara For Rent Nearby Radical Hospitals,0,94,3,4,2543.0,70000.0
"Find Your Desired Home At This 3200 Sq Ft Well Featured Flat For Rent At Block K, Bar...",6,6,3,3,3200.0,110000.0
Express Your Individuality At This 2200 Sq.ft Apartment Which Is Vacant For Rent In B...,13,62,4,3,2200.0,30000.0
Near City Bank Flat For Rent In Gulshan-2,4,20,3,4,2400.0,150000.0
"1510 Sq Ft Flat With 3 Bedrooms For Rent In Bashundhara R-a, Block E",1,18,3,3,1510.0,37000.0
Deal With This 1510 Sq Ft Flat For Rent In Bashundhara R-a,1,18,3,3,1510.0,37000.0
An Elite Apartment In Uttara Near First Security Islami Bank Is Up For Rent,0,32,3,3,1400.0,25000.0
Reside Conveniently In This Well-constructed 1200 Sq Ft Flat For Rent In Agargaon,14,95,3,3,1200.0,22000.0
"Stylish House For Rent In Bashundhara R-a Block D, Which Is Covering An Area Of 2580 ...",1,25,4,4,2580.0,45000.0
See This 1400 Sq.ft Apartment Which Is Up For Rent In Uttara Near Nrb Commercial Bank...,0,67,3,3,1400.0,45000.0
We Have A Ready Flat For Rent In Baridhara Nearby Baridhara Jame Masjid,6,96,4,4,3000.0,140000.0
Decent 900 Sq Ft Residential Apartment For Rent In Mohammadpur,2,29,3,2,900.0,20000.0
At Gulshan 2600 Square Feet Flat For Rent Close To City Bank,4,20,3,4,2600.0,100000.0
1800 Sq Ft Apartment For Rent Is Located On Gulshan Near To Dncc Market Mosque,4,4,3,3,1800.0,80000.0
Choose Your Destination At 1400 Sq Ft Flat Which Is Available For Rent In Green Road ...,21,97,3,2,1400.0,30000.0
1000 Sq Ft Residential Apartment Is Set For Rent At Mirpur Nearby Mirpur Shopping Cen...,5,41,2,2,1000.0,17000.0
"1400 Square Feet Apartment For Rent In North Adabor, Mehedibag Housing Society",24,98,3,3,1400.0,22000.0
View This 2373 Sq Ft Apartment For Rent In Uttara-12,0,49,3,4,2373.0,75000.0
Live In This 1500 Sq Ft Apartment Ready For Rent In Banasree,13,25,3,3,1500.0,30000.0
"Grab This 1400 Sq Ft Flat For Rent In Holy Lane Shyamoli , Near Shyamoli Square",9,99,3,3,1400.0,23000.0
Banasree Is Offering A 1860 Sq Ft Flat For Rent To Pick It For Your Next Home.,13,52,4,4,1860.0,35000.0
"Prominent Location | Vacant, 1100 SQ FT Apartment | Ready To Move",11,18,3,2,1100.0,20000.0
"1350 Sq Ft Ready Flat For Rent In Middle Badda, With Splendid Features And Price",10,19,3,3,1350.0,28000.0
Be The Resident Of This Beautiful Flat Of 1000 Sq Ft Which Is Vacant Now For Rent At ...,11,63,3,3,1000.0,20000.0
Beautiful And Well-constructed 3000 Sq Ft Full Furnished Flat Is Ready To Rent At Bar...,6,96,4,4,3000.0,140000.0
"Rarely Available A 2 Bedrooms Flat Is Up For Rent At Nikunja 2, Nearby Baitul Mahfuz ...",7,7,2,2,750.0,21000.0
You Can Take Rent This Lovely Apartment Of 2124 Sq Ft To Live A Relaxed Life At Gulsh...,4,4,3,3,2124.0,110000.0
"1764 Sq Ft Apartment Is Ready For Rent In Banasree, Block A",13,28,3,4,1764.0,40000.0
Find Your Desired Home At This 1000 Sq Ft Well Featured Flat For Rent At West Rampura,23,71,2,2,1000.0,23000.0
720 Sq Ft Flat For Rent In The Prominent Location Of Nikunja 2,7,7,2,2,720.0,20000.0
"Plan To Move In This 1050 Sq Ft Flat Which Is For Rent In Paikpara, Ahmed Nagar",5,54,3,2,1050.0,16000.0
Suitable 1500 Sq Ft Residential Apartment For Rent In New Market,32,100,3,4,1500.0,35000.0
Modest 1250 Sq Ft Apartment for Rent in Prime Uttar Badda Location,10,35,3,2,1250.0,22000.0
Valuable 2350 Sq Ft Residential Apartment Available for Rent in Uttara,0,49,3,4,2350.0,60000.0
1500 Sq Ft Apartment Is Ready To Rent In Banasree,13,30,3,3,1500.0,30000.0
Pursue This 2500 Sq Ft Apartment For Rent In Uttara-11,0,0,4,4,2500.0,60000.0
"A Cozy 900 Sq Ft Apartment Is For Rent In West Rampura, Mohanagar Housing",23,71,2,2,900.0,25000.0
"Check This Fine Looking Flat Of 1500 Sq Ft Offered For Rent In Sector 12, Uttara",0,49,3,4,1500.0,30000.0
"Check This Fine Looking Flat Of 1075 Sq Ft Offered For Rent In Block C, Aftab Nagar",11,63,3,3,1075.0,20000.0
A Very Well-fitted Apartment Is Here Sited At Paikpara Featuring 1150 Sq Ft Space For...,5,54,3,3,1150.0,16000.0
Notable 1700 Sq Ft Full Furnished Flat For Rent In Uttara,0,11,3,3,1700.0,80000.0
This Wonderful Flat Is Set For Rent With An Amazing Floor Plan Which Is 1700 Sq Ft In...,1,9,3,4,1700.0,37000.0
"All Set For Rental Purpose This 1700 Sq Ft Flat In The Location Of Bashundhara R-a, B...",1,9,3,4,1700.0,42000.0
Standard 1456 Sq Ft Residential Apartment For Rent In Maghbazar,12,101,3,3,1456.0,35000.0
"Reside In This 1400 Sq Ft Apartment Up For Rent In Aftab Nagar, Block K",11,6,3,4,1400.0,23000.0
"1000 Sq Ft Apartment Is Available For Rent In Uttar Badda, Matabbar Road",10,35,3,3,1000.0,21000.0
"Check This Fine Looking Flat Of 850 Sq Ft Offered For Rent In Section 1, Mirpur",5,27,2,2,850.0,16000.0
Checkout This 1250 Sq Ft Apartment Available For Rent In Uttar Badda,10,35,3,3,1250.0,26000.0
"1100 Sq Ft Great Apartment Is Available For Rent In Badda, Adarsh Nagar Road",10,102,3,3,1100.0,22000.0
Live In This 1000 Sq Ft Apartment Available For Rent In Middle Badda,10,19,3,2,1100.0,20000.0
"1050 Sq Ft Convenient Apartment For Rent In Gupipara Road, Uttar Badda",10,35,3,2,1050.0,25000.0
"In An Urban Location And Reasonable Price, See This 1350 Sq.ft Flat Is Available For ...",10,36,3,3,1350.0,22000.0
"1,700 Sq Ft Residential Apartment Available for Rent in Dhanmondi",3,103,3,3,1700.0,60000.0
Shyamoli Is Offering A 1300 Sq Ft Flat For Rent To Pick It For Your Next Home.,9,44,3,3,1300.0,27000.0
"1340 Sq Ft Flat For Rent In Middle Badda, With Good Home Facilities",10,19,3,3,1340.0,30000.0
"Ready To Move In! Check This 1340 Sq. Ft Apartment For Rent In Cumilla Para Road, Mid...",10,19,3,3,1340.0,30000.0
"1600 Sq Ft Flat With Great Fittings For Rent In Khilgaon, C Block",33,63,3,3,1600.0,30000.0
"Dwell In This 1500 Sq Ft Flat For Rent In Agargaon, Kamal Soroni Road",14,104,3,3,1500.0,25000.0
Balance Your Lifestyle Living In This 2500 Square Feet Apartment For Rent In Bashundh...,1,9,4,5,2500.0,45000.0
Move In And Inhabit This 1400 Sq Ft Properly Constructed Apartment For Rent In Aftab ...,11,25,3,3,1400.0,22000.0
"Built With Modern Amenities, Check This 1100 Sq.ft-3 Bedroom Flat For Rent In The Loc...",21,105,3,3,1100.0,35000.0
Charming 600 Sq. Ft. Cozy Apartment Available for Rent in Dhanmondi,3,106,1,2,600.0,20000.0
This Beautiful Flat Of 1500 Sq Ft Is Greatly Affordable And Will Come Within Your Bud...,13,37,4,4,1500.0,30000.0
1150 Sq Ft Apartment Including 3 Bedrooms Is Ready For Rent In Mirpur-1,5,27,3,3,1150.0,16000.0
"1300 Square Feet Apartment Is For Rent In Shyamoli, Dhaka Housing Main Road",9,57,3,3,1300.0,22000.0
"View This 1300 Square Feet Apartment For Rent In Shyamoli, Dhaka Housing Main Road",9,57,3,3,1300.0,22000.0
"1220 Sq Ft Nicely Planned Apartment Is Available For Rent In Block F, Banasree",13,30,3,3,1220.0,20000.0
"1250 Sq Ft Great Apartment Is Ready For Rent In Mirpur, Kallyanpur",5,5,3,3,1250.0,23000.0
"Deal With This 1150 Sq Ft Perfect Apartment Ready For Rent In Mirpur, Kallyanpur",5,5,3,3,1150.0,18000.0
"A Flat For Residential Purpose In The Hub Of Mohammadpur With 1350 Sq Ft, Is Up For R...",2,29,3,3,1350.0,27000.0
A Beautifully Constructed Apartment Of 1650 Sq Ft Is Vacant Right Now For Rent In Sec...,0,49,3,3,1650.0,55000.0
A Beautifully Constructed Apartment Of 1250 Sq Ft Is Vacant Right Now For Rent In Bai...,24,66,3,3,1250.0,23000.0
"View This 1050 Sq Ft Apartment Ready For Rent In Mirpur, Ahmed Nagar",5,54,3,2,1050.0,16000.0
1300 Sq Ft Residential Apartment For Rent In South Banasree Project,13,62,3,3,1300.0,24000.0
1050 Sq.ft Apartment Is Available For Rent In Purana Paltan Which Is Tailored To Your...,16,107,2,2,1050.0,28000.0
4 Bedroom Home Which Will Fulfill Your Desired Is Now Vacant For Rent In Banasree - B...,13,8,4,3,1650.0,35000.0
"An Affordable 1200 Square Feet Apartment Is Up For Rent In Vatara , Very Next To Hasa...",10,16,3,2,1200.0,21000.0
Properly designed this 1200 SQ Ft home is now up for rent in Vatara,10,16,3,2,1200.0,21000.0
A 1600 Sq Ft Very Reasonable Medium Flat Is Available For Rent At Bashundhara R-a,1,8,3,3,1600.0,25000.0
"For Rental Purpose 1100 Sq Ft Flat Is Now Up To Rent In Banasree, Avenue 8",13,39,3,3,1100.0,20000.0
A 1250 Sq Ft Flat Is Up For Rent In A Well Secured Location Of West Agargaon,14,24,3,3,1250.0,20000.0
1700 Sq Ft Apartment Is Ready For Rent In Banasree,13,30,3,3,1700.0,30000.0
"Grab This Amazing 1600 Sq Ft Apartment Ready For Rent In Aftab Nagar, Block D",11,25,3,3,1600.0,25000.0
"Grab A 1050 Sq Ft Flat For Rent At Kallyanpur, Mirpur",5,5,3,2,1050.0,15000.0
"Rent This 2400 Sq Ft Flat In Bashundhara R-a, Block I",1,9,3,4,2400.0,42000.0
"Checkout This 1350 Sq Ft Apartment Ready For Rent In Mirpur, Paikpara",5,108,3,3,1350.0,22000.0
"Visit This 1250 Square Feet Apartment For Rent In Mohammadpur, Pc Culture Housing",2,29,3,3,1250.0,25000.0
To Get A Trouble Free Life You Can Take Rent This 1300 Sq Ft Home In West Agargaon,14,24,3,3,1300.0,22000.0
"Rent this Elegant 2,000 Sq Ft Fully Furnished Apartment in Bashundhara R-A",1,63,3,3,2000.0,100000.0
"Lovely Apartment Of 2,250 Sq Ft Is Up For Rent In Bashundhara R-A",1,1,4,4,2250.0,46000.0
Flat For Rent In Dhanmondi Near Paedihope Hospital For Sick Children,3,109,3,3,2000.0,63000.0
A Very Nice 1050 Sq Ft Flat Is Now Available For Rent Nearby Pc Culture Housing Socie...,2,29,3,2,1050.0,20000.0
5000 Sq Ft Apartment With 4 Bedrooms Is Set For Rent In Gulshan 2,4,20,4,4,5000.0,320000.0
"We Bring You A Beautiful And Distinct Flat Of 1350 Sq Ft For Rent In Sector 7, Uttara",0,86,3,2,1350.0,30000.0
1250 Sq Ft Apartment For Rent In Paikpara With All Facilities,5,54,3,3,1250.0,18000.0
3500 Square Feet Apartment With 4 Bedrooms For Rent In Gulshan 1,4,4,4,4,3500.0,90000.0
A Ready 700 Sq.ft Apartment For Rent In Shyamoli Near Dhaka Central International Med...,9,110,2,1,700.0,14000.0
Here Is A Well Defined Flat Of 1400 Sq Ft Waiting For Rent At Mohammadpur,2,111,3,3,1400.0,24000.0
"In The Location Of Mohammadpur, 3-Bedroom Apartment Is Up To Rent",2,112,3,2,1390.0,24000.0
"Looking For A Perfect Family Home To Rent In Shyamoli, Check This 1650 Sq Ft Well Fea...",9,113,3,4,1650.0,36000.0
An Appropriate 1300 Sq Ft Residence Is Prepared To Be Rented In Adabor.,24,66,3,3,1300.0,21000.0
"870 Square Feet Apartment With Great Rooms For Rent In Mohammadpur, Tajmahal Road",2,10,2,2,870.0,22000.0
Explore This 1050 Sq Ft Apartment For Rent In Mohammadpur Bustling Suburb,2,14,2,2,1050.0,24000.0
"Lovely Apartment Of 1050 Sq Ft Is Up For Rent In Mohammadpur, Humayun Road",2,14,3,2,1050.0,30000.0
For Rental Purpose 1500 Sq Ft Flat Is Now Up For Rent In Uttara Close To Uttara Play ...,0,81,3,3,1500.0,30000.0
Offering You 870 Sq Ft Apartment To Rent In Mohammadpur,2,10,2,2,870.0,22000.0
Get This 2200 Sq Ft Apartment Ready To Rent In Mirpur Dohs,5,114,4,4,2200.0,50000.0
"1400 Sq Ft Flat For Rent In The Great Placement Of Bashundhara R-a, Block I",1,9,3,3,1400.0,30000.0
"A Flat For Residential Purpose In The Hub Of Uttara 7 With 1600 Sq Ft, Is Up For Rent...",0,86,3,3,1600.0,40000.0
"This Vacant Apartment Of 900 Sq Ft Situated In West Malibag, Is Up For Rent",30,115,2,3,900.0,20000.0
"A Ready, Well Decorated 1400 Sq Ft Flat Is Up For Renting Purpose In Faydabad, Dakshi...",28,116,3,3,1400.0,20000.0
"Well developed and nicely planned 1415 SQ FT flat is up for rent in Uttara, Sector 11...",0,0,3,3,1415.0,35000.0
"Start A New Home, In This 1135 Sq Ft Flat For Rent In Kalabagan, Lake Circus Road",21,60,3,3,1135.0,32000.0
3200 Sq Ft Ready Semi Furnished Apartment For Rent In Baridhara,6,6,4,4,3200.0,240000.0
We Are Offering A Reasonably Priced Flat For Rent Which Is Featuring 1520 Sq Ft Space...,14,24,3,3,1520.0,26000.0
This Beautiful Flat Of 1530 Sq Ft Is Greatly Affordable And Will Come Within Your Bud...,14,24,3,3,1530.0,26000.0
Prominent Location Bright And Cozy For Rent 1250 Sq Ft Apartment,1,37,3,3,1250.0,25000.0
1800 Sq Ft Full Furnished Apartment Is Available For Rent In Bashundhara,1,1,4,4,1800.0,100000.0
Grab This 2150 Sq Ft Ready Flat For Rent In Uttara-6,0,17,4,4,2150.0,100000.0
"Looking For A Nice Full Furnished Flat To Rent In Uttara, Check This One Which Is 180...",0,94,3,3,1800.0,70000.0
Grab This 1680 Sq Ft Flat For Rent In Dhanmondi,3,117,3,3,1680.0,40000.0
Classic 1100 Square Feet Fully Furnished Apartment Is For Rent In Mohammadpur,2,113,2,3,1100.0,36000.0
1100 Square Feet Flat Is For Rent In Uttara-14,0,21,3,2,1100.0,35000.0
"Flat up for rent in Gulshan 2 area, near Manarat International University, of 4000 SQ...",4,20,5,5,4000.0,150000.0
"1500 Square Feet Apartment Is For Rent In Kalabagan, Dolphin Goli Road",21,59,3,3,1500.0,45000.0
"Checkout This 2200 Sq Ft Flat For Rent In Block B, Lalmatia",22,1,3,4,2200.0,60000.0
"At West Rampura, A 970 Sq Ft Well Fitted Residential Property Is On Rent",23,71,3,2,970.0,26000.0
1600 SFT 3 Bed Apt. Is Ready To Rent In Aftab Nagar,11,39,3,3,1600.0,26000.0
1350 Sq Ft Apartment Available For Rent In Badda,10,35,3,3,1350.0,24000.0
See This Flat For Rent In Gulshan Near American Standard International School,4,20,3,3,2000.0,100000.0
"A Fine Apartment Of 2000 Sq Ft For Rent Is Available In Gulshan 1, Near North End Cof...",4,4,3,3,2000.0,100000.0
"1600 Sq Ft Apartment Is Ready For Rent In Aftab Nagar, Block B",11,1,3,3,1600.0,28000.0
"1485 Sq Ft Apartment For Rent In Banasree, Block G",13,8,3,3,1485.0,24000.0
Deal With This 1515 Sq Ft Flat For Rent In Bashundhara R-a,1,18,3,3,1515.0,37000.0
"Take A Look At This 1400 Sq Ft Flat Up For Rent In Cantonment, Matikata Road",34,118,4,4,1400.0,30000.0
1550 Square Feet Apartment Is For Rent In The Serene Location Of Uttara-13,0,67,3,3,1550.0,60000.0
1250 Sq Ft Apartment Is For Rent In The Great Area Of Mirpur,5,33,3,3,1250.0,17000.0
"Make This 2600 Sq Feet Nice Flat Yours, By Renting It In Baridhara DOHS",17,44,4,5,2600.0,120000.0
A Well-constructed Beautiful 3000 Sq Ft Apartment Is Ready To Rent In Gulshan,4,20,3,4,3000.0,111000.0
Your New Home Is Waiting For You In This Lovely Apartment Of 1500 Sq Ft Is Ready For ...,1,1,3,4,1500.0,32000.0
West Shewrapara Is Offering You A 900 Sq Ft Flat For Rent,5,41,2,2,900.0,15000.0
"1000 Square Feet Apartment Is For Rent In Mirpur, West Shewrapara",5,41,2,2,1000.0,17000.0
"Valuable 1800 Sq Ft Flat For Rent In Bashundhara, Block D",1,25,3,3,1800.0,42000.0
"1500 Square Feet Standard Apartment For Rent In Adabor, Shyamoli Housing (2nd Project...",24,119,3,4,1500.0,25000.0
1700 Square Feet Apartment For Rent In Mirpur,5,46,3,4,1700.0,30000.0
Gulshan 2 Is Offering You A 2200 Sq Ft Full Furnished Apartment For Rent,4,20,3,4,2200.0,160000.0
A 2200 Sq Ft Very Affordable Flat With Good Transportation Availability Is For Rent C...,4,4,3,4,2200.0,90000.0
Vast 4500 Sq Ft Ready Apartment For Rent In Gulshan 2,4,20,4,4,4500.0,350000.0
Amazing Full Furnished Flat Including 4 Bedroom Are Up For Rent In Mohakhali DOHS,31,120,4,4,2750.0,120000.0
Prominent 2200 Sq Ft Residential Apartment For Rent In Dhanmondi,3,121,3,3,2200.0,65000.0
2200 Sq Ft 4 Bed Apartment Is Ready To Rent In Uttara,0,17,4,4,2200.0,55000.0
"Apartment For Rent In Banasree, Road No 4 Nearby National Ideal School",13,1,2,2,950.0,23000.0
Acquire This 1500 Sq Ft House For Your New Residence In A Nice Location Of Uttara Sec...,0,32,3,3,1500.0,25000.0
An Apartment Of 2200 Sft Which Is Up For Rent At Bashundhara R-a Near To Apollo Hospi...,1,28,3,5,2200.0,35000.0
"Create Your Residence In This 2200 Sq Ft Flat Set To Rent In Bashundhara R-a, Block A",1,28,3,5,2200.0,35000.0
An Apartment Is Up For Rent At Bashundhara R-a Near To Apollo Hospital,1,28,3,4,2200.0,35000.0
Get Ready To Move Into This 1480 Sq Ft Flat For Rent In Bashundhara R-a,1,18,3,3,1480.0,37000.0
"A Newly-built 1480 Sq Ft Flat Is For Rent In Bashundhara R-a, Block E",1,18,3,3,1480.0,37000.0
Spacious 2200 Sq Ft Residential Apartment For Rent In Uttara 11,0,0,4,4,2200.0,50000.0
"Meet With A Fascinating 950 Sq Ft Ready Flat For Rent In Block J, Banasree",13,37,3,2,950.0,21000.0
"Focus On Renting A Home For Your Family Like This 1500 Sq Ft Apartment In Block B, Ba...",13,1,4,3,1500.0,24000.0
"820 Sq Ft Flat For Rent In Mohammadpur, Tajmahal Road",2,10,3,2,820.0,22000.0
Apartment for Rent in Banasree near Banasree Bazar,13,1,2,2,1000.0,25000.0
"At Paltan, flat for Rent close to Paltan Tower",16,107,3,3,1400.0,30000.0
4500 Sq Ft Beautiful Flat Is Available For Rent In Gulshan 2 Near To Six Seasons,4,20,4,4,4500.0,260000.0
Ready To Rent | Well-maintained 1450 Sq ft Apartment In Aftab Nagar,11,18,3,3,1450.0,30000.0
"Meet With A Fascinating 1000 Sq Ft Ready Flat For Rent In Block E, Aftab Nagar",11,18,3,2,1000.0,22000.0
"Grab A 1000 Sq Ft Flat For Rent At Block E, Aftab Nagar",11,18,3,2,1000.0,22000.0
Be The Resident Of This Beautiful Flat Of 1000 Sq Ft Which Is Vacant Now For Rent At ...,11,18,3,2,1000.0,22000.0
Grab This 2800 Sq Ft Spacious Apartment For Rent In North Shahjahanpur,35,122,3,3,2800.0,40000.0
Offering you beautiful 1385 SQ FT apartment to Rent in Banasree,13,63,3,3,1385.0,24000.0
3 Bedroom Residence | Ready To Rent In Aftab Nagar,11,30,3,3,1400.0,30000.0
Ready To Rent | Well-maintained 1400 Sq ft Apartment In Aftab Nagar,11,30,3,3,1400.0,30000.0
"1100 Sq Ft Apartment Is Ready For Rent In Banasree, Block B",13,1,3,3,1100.0,25000.0
"Plan To Move In This 1970 Sq Ft Flat Which Is For Rent In Block B, Bashundhara R-A",1,1,3,4,1970.0,38000.0
"A Rightly Planned 2000 Sq Ft Flat Is Found For Rent In Block B, Bashundhara R/A",1,1,3,3,2000.0,45000.0
"This 1755 Sq Ft Flat Is Up For Rent Within Your Affordability, Is Located At Block E,...",11,18,3,3,1755.0,30000.0
"Get Ready To Rent This Ideally Maintained 1600 Sq Ft Apartment Located In Block H, Ba...",1,39,3,3,1600.0,30000.0
Standard 1330 Sq Ft Residential Apartment For Rent In Aftab Nagar,11,18,3,3,1330.0,26000.0
"Take Rent This 3 Bedroom Nice Flat For Living A Pleasant Life In Block E, Aftab Nagar",11,18,3,3,1325.0,20000.0
"Get Ready To Rent This Ideally Maintained 3 Bedroom Apartment Located In Block E, Aft...",11,18,3,3,1520.0,30000.0
"1470 Sq Ft Flat For Rent In Swapnodhara Housing, With Good Home Facilities",2,123,3,3,1470.0,20000.0
A 3500 Sq Ft Residence In Baridhara Is Presently Available For Rent.,6,6,4,4,3500.0,300000.0
"1680 Sq Ft Nice Flat For Rent In Tejgaon, Tejkunipara",18,34,3,3,1680.0,48000.0
Economical 1200 Sq Ft Ready Apartment For Rent In Khilgaon,33,63,3,2,1200.0,22000.0
2508 Square Feet Furnished Apartment For Rent In Gulshan 1,4,4,3,3,2508.0,150000.0
Make Your Move To This Charming 1150 Sq Ft Flat For Rent In Bashundhara R-A,1,22,3,3,1150.0,25000.0
1510 Sq Ft Lovely Flat For Rent In Bashundhara R-a,1,18,3,3,1510.0,37000.0
3100 SFT Apt. | Well Maintained | Ready To Move In,1,63,4,5,3100.0,60000.0
"Lovely Apartment Of 3 Bedroom Is Up For Rent In Block E, Aftab Nagar",11,18,3,3,1450.0,25000.0
"Pursue This 1150 Sq Ft Flat For Rent In Bashundhara R-a, Block L",1,22,3,3,1150.0,25000.0
This Vacant Apartment Of 1100 Sq Ft Is Up For Rent,10,124,3,3,1100.0,20000.0
"Ready To Move In! Check This 1350 Sq. Ft Apartment For Rent In Block E, Aftab Nagar",11,18,3,3,1350.0,20000.0
"1250 Sq Ft Apartment With 3 Bedrooms Is Ready For Rent In Mirpur, Dakkhin Paikpara",5,79,3,3,1250.0,17000.0
This Wonderful Flat Is Set For Rent With An Amazing Floor Plan Which Is 1250 Sq Ft In...,5,79,3,3,1250.0,17000.0
Spacious 4000 Sq Ft Ready Apartment For Rent In Baridhara,6,6,4,5,4000.0,380000.0
1800 SFT Modern Apartment For Rent At Uttara 12,0,49,3,4,1800.0,28000.0
"1400 Sq Ft Apartment For Rent In Banasree, Block G",13,8,3,3,1400.0,25000.0
Vast 3500 Sq Ft Flat Available For Rent In Bashundhara R-A,1,63,4,4,3500.0,110000.0
Explore This 1250 Sq Ft Apartment For Rent In Malibagh,30,91,3,3,1250.0,30000.0
"3500 Sq Ft Flat With 4 Bedrooms Is Available For Rent In Bashundhara R-a, Block C",1,63,4,4,3500.0,110000.0
"Start Residing In This 2750 Sq Ft, Properly Developed Apartment For Rent, In Baridhar...",6,6,3,3,2750.0,150000.0
"Visit This 1200 Square Feet Residential Flat For Rent In Uttar Badda, Progati Sarani",10,35,3,3,1200.0,20000.0
"If You Are Planning To Move To A Suitable Place, This 1800 Sq Ft Flat Available For R...",0,17,3,3,1800.0,50000.0
A Nicely Planned &amp; Spacious 1800 Sq Ft Flat Is Up For Rent In Uttara Near Uttara ...,0,17,3,3,1800.0,37000.0
"Now You Can Afford To Dwell Well, Check This 3 Bedroom Apartment At Block K, Pallabi ...",5,125,3,2,1000.0,14000.0
Take This 1350 Sq Ft Flat For Rent At Merul Badda Area Nearby Police Plaza Concord Sh...,10,126,3,3,1350.0,30000.0
Ready Flat Of 1350 Sq Ft Is Now For Rent In Malibagh Nearby Shohagh Bus Depot,30,127,3,3,1350.0,25000.0
A Must See 950 Sq Ft South Facing Apartment For Rent Is All Set For You To Settle In ...,0,21,3,2,950.0,25000.0
"Start Residing In This 1700 Sq Ft, Properly Developed Flat For Rent, In Uttara, Near ...",0,38,3,4,1700.0,40000.0
1200 Sq Ft Nice Apartment For Rent In Uttara-12,0,49,2,3,1200.0,20000.0
"Pursue This 1100 Sq Ft Apartment For Rent In Banasree, Block G",13,8,3,2,1100.0,22000.0
Remarkable 3850 Sq Ft Ready Apartment For Rent In Gulshan 2,4,20,4,4,3850.0,300000.0
Offering You Nice 1800 Sq Ft Apartment To Rent In Sutrapur,8,128,3,3,1800.0,45000.0
"In Baridhara, Near Bloom Field School, A Distinctive Flat Is Available For Rent",6,96,3,4,2667.0,110000.0
Apartment for Rent in Banasree nearby Central Mosque,13,28,3,2,900.0,22000.0
"3100 SQ FT apartment for rent near Gulshan 1 DCC Market, in Gulshan 1",4,4,4,4,3100.0,100000.0
"1400 Sq Ft Apartment Is Ready For Rent In Aftab Nagar, Block F",11,30,3,3,1400.0,30000.0
"In The Location Of Aftab Nagar, 3-Bedroom Apartment Is Up To Rent",11,30,3,3,1400.0,30000.0
1400 Sq Ft Decent Apartment For Rent In Middle Badda,10,19,3,3,1400.0,25000.0
"This Ready Apartment At Nikunja 2, Near Rupali Bank Limited Is Up For Rent.",7,7,2,2,720.0,22000.0
1650 Sq Ft Apartment Is Ready To Rent In Aftab Nagar,11,25,3,3,1650.0,27000.0
Apartment For Rent In Aftab Nagar Near Ewu,11,28,3,4,1450.0,25000.0
Fabulous 2750 Sq Ft Apartment For Rent In Gulshan,4,20,4,4,2750.0,200000.0
"Look At This Nice 1000 Sq Ft Flat Is Up For Rent At Al-madina Road, East Ahmed Nagar",5,54,3,2,1000.0,16000.0
"1500 Sq Ft Convenient Apartment For Rent In Block E, Bashundhara R/A",1,18,3,3,1500.0,27000.0
"Find Your Desired Home At This 2300 Sq Ft Well Featured Flat For Rent At Block C, Aft...",11,63,4,4,2300.0,55000.0
We Have A Ready Flat For Rent In Bashundhara Nearby Apollo Hospital,1,28,3,4,2000.0,40000.0
Modern 1250 Sq Ft Apartment Available For Rent In Uttar Badda,10,35,3,3,1250.0,25000.0
"Visit This 1700 Sq Ft Apartment For Rent In Banasree, Block C",13,63,3,3,1700.0,28000.0
"Live A Lavish Life In This 2100 Square Feet Flat For Rent In Bashundhara R-a, Block D",1,25,3,3,2100.0,50000.0
"2100 Square Feet Flat Of Great Quality Is Up For Rent In Bashundhara R-a, Block D",1,25,3,3,2100.0,50000.0
Visit This 1300 Sq Ft Residence Is Vacant For Rent In Bangshal,36,129,3,4,1300.0,28000.0
Noticeable 1500 Sq Ft Flat Available For Rent In Bashundhara,1,8,3,3,1500.0,30000.0
1350 Sq Ft Apartment For Rent In Aftab Nagar,11,18,3,3,1350.0,24000.0
Reside In This 1750 Sq Ft Flat For Rent In Uttara-10,0,32,3,3,1750.0,60000.0
"We Offer You A 700 Sq Ft Well Featured Flat Which Is Up For Rent, In Konapara",37,130,2,2,700.0,7500.0
In The Location Of Banasree An Apartment Is For Rent Near Goni Bag Jame Mosjid,13,8,3,3,1400.0,25000.0
A Reasonable 2000 Sq. Ft And 3 Bedroom Apartment For Rent In Bashundhara R-a Near Apo...,1,28,3,4,2000.0,40000.0
"Dwell In This 1400 Sq Ft Apartment Ready For Rent In Aftab Nagar, Block A",11,28,3,3,1400.0,24000.0
Take Rent This 1200 Sq Ft Nice Flat For Living A Pleasant Life In North Shahjahanpur,35,122,3,3,1200.0,28000.0
This 1450 Square Feet Flat Assures To Provide You With Better Homely Affairs At Block...,1,8,3,3,1450.0,26000.0
Offering you well constructed 700 SQ FT nice apartment to Rent in Mohammadpur,2,14,2,2,700.0,20000.0
"Checkout This 1250 Sq Ft Flat For Rent In Bashundhara R-a, Block J",1,37,3,3,1250.0,35000.0
"Deal With This 1250 Sq Ft Flat For Rent In Bashundhara R-a, Block J",1,37,3,3,1250.0,35000.0
1240 Sq Ft Nicely-planned Apartment Is Available For Rent In Middle Badda,10,19,3,3,1240.0,22000.0
"Deal With This 1200 Sq Ft Apartment Ready For Rent In Mirpur, Ahmed Nagar, Paikpara",5,54,3,3,1200.0,20000.0
Lovely 1200 Sq Ft Home Is Available To Rent In Uttara,0,81,2,2,1200.0,27000.0
Ready 1700 SQ FT apartment is now to Rent in South Kallyanpur,5,5,3,3,1700.0,17000.0
A 2045 Sq. Ft Apartment Which Is Up For Rent At Bashundhara R-a Near To Chapra Masjid,1,39,3,4,2045.0,40000.0
"An Appropriate 1400 Sq Ft Residence Is Prepared To Be Rented At Ring Road, Shyamoli",9,73,3,4,1400.0,30000.0
2200 Sq Ft Apartment Is Ready For Rent In Banasree,13,62,4,3,2200.0,30000.0
2250 Sq Ft Properly Developed Flat For Rent In Bashundhara R-a-block J,1,37,4,4,2250.0,33000.0
Don’t Waste Your Valuable Time! You Can Take This 1250 Sq Ft Apartment For Rent In Ba...,1,6,3,3,1250.0,23000.0
Spaciously Designed And Strongly Structured This 1880 Sq.ft Apartment Is Now Vacant F...,2,131,3,4,1880.0,40000.0
"You Will Feel Joyous By Living In This 1300 Sq Ft Flat For Rent In Bashundhara R-a, B...",1,37,3,3,1300.0,23000.0
Comfortability All Around In This 1500 Sq.Ft Uttara-9 Flat Which Is Up For Rent.,0,38,3,4,1500.0,27000.0
"An Apartment Is Ready For Rent At Banasree , Near National Ideal School Bhaban-3",13,28,3,2,900.0,20000.0
Commodious 1900 Sq Ft Residential Apartment For Rent In Cantonment,34,132,3,4,1900.0,65000.0
"1100 Sq Ft Great Apartment Is Ready To Rent In Mirpur DOHS, Avenue 8",5,114,2,3,1100.0,60000.0
Economical 1650 Square Feet Flat For Rent In Mirpur,5,133,3,3,1650.0,19000.0
Affordable And Cozy 3 Bedroom Flat Is Up For Rent Very Near To Uttara Central Mosque.,0,11,3,4,3000.0,65000.0
"At Sohrawardy Avenue, Flat For Rent Close To Baridhara Jame Masjid",6,6,4,4,4200.0,280000.0
Check This Apartment Up For Rent At West Shewrapara Near East West International Scho...,5,41,2,2,900.0,15000.0
"An Apartment Is Ready For Rent At Nikunja 2, Near Residential Laboratory College",7,7,3,3,1500.0,30000.0
2700 Sq Ft Full Furnished Flat For Rent In Dhanmondi,3,134,3,3,2700.0,120000.0
1100 Sq Ft Flat With 3 Bedrooms Is Up For Rent In Mohammadpur,2,48,3,3,1100.0,20000.0
Reasonable 1375 Sq Ft Residential Apartment For Rent In Kallyanpur,5,5,3,3,1375.0,19000.0
Live In This 1250 Sq Ft Apartment Ready To Rent In Mirpur-12,5,51,3,3,1250.0,25000.0
"1500 Square Feet Apartment Is For Rent In The Nice Area Of Shyamoli, Mirpur Road",9,135,3,3,1500.0,26000.0
"Meet With A Fascinating 1100 Sq Ft Ready Flat For Rent In Nobodoy Housing Society, Mo...",2,47,3,3,1100.0,20000.0
Spacious Layout | Well Maintained | Full furnished | Ready To Move In,4,20,4,3,2800.0,110000.0
"This 1495 Sq Ft Flat Is Up For Rent Within Your Affordability, Is Located At Block F,...",13,30,4,3,1495.0,32000.0
We Are Ready To Provide You With A 1200 Sq Ft Flat To Rent In Badda,10,36,3,3,1200.0,24000.0
Besides Bashundhara Boro Masjid A 2318 Square Feet Residential Apartment Is Up For Re...,1,25,3,4,2318.0,50000.0
A Contemporary Cozy Full Furnished Flat Of 2400 Sq Ft Is Up For Rent Is Situated At G...,4,20,3,4,2400.0,130000.0
"Pursue This 1400 Sq Ft Flat Up For Rent In Mohammadpur, Mohammadi Housing Ltd.",2,48,3,2,1400.0,22000.0
Reside In This 1400 Sq Ft Flat Ready For Rent In Mohammadpur,2,48,3,2,1400.0,22000.0
Impressive Apartment Of 2600 Sq Ft Is Up For Rent In Gulshan 1,4,4,3,4,2600.0,220000.0
Dwell In This 1255 Sq Ft Apartment Ready For Rent In Mirpur-1,5,27,3,3,1255.0,20000.0
Great News! This 2200 Sq Ft Home For Rent In Bashundhara R-a Which Can Be Your Next D...,1,37,3,3,2200.0,42000.0
Appealing Property In Mirpur 1st Colony – 1200 Sq Ft Flat For Rent,5,77,3,3,1200.0,17000.0
In Shah Ali Bag This Apartment Is Up For Rent Which Is 1300 Sq Ft,5,27,3,3,1300.0,20000.0
"1300 Square Feet Apartment For Rent In Adabor, Mansurabad Housing Society",24,88,3,3,1300.0,23000.0
Beautiful 1550 Sq Ft Flat Is Ready For Rent At Uttara Nearby South Breeze School,0,0,3,3,1550.0,26000.0
Ready To Rent | Well-maintained 2200 Sq ft Apartment In Banasree,13,62,4,3,2200.0,30000.0
A Spacious 2600 Sq Ft Apartment For Rent In Uttara-12,0,49,3,4,2600.0,125000.0
Modest 1442 Square feet Apartment For Rent in Adabor,24,66,3,3,1442.0,20000.0
1200 Square Feet Great Apartment For Rent In Baitul Aman Housing Society,24,66,3,2,1200.0,20000.0
1400 Sq Ft Apartment Is Ready For Rent In Aftab Nagar,11,25,3,4,1400.0,25000.0
A Great Home Of 1300 Sq Ft Is Up For Rent In Aftab Nagar,11,18,3,3,1300.0,22000.0
"1000 Sq Ft Convenient Apartment Is Ready For Rent In Mirpur, Kallyanpur",5,5,3,2,1000.0,16500.0
Check This Apartment Up For Rent At Gulshan 2 Near Gulshan Wasa Tank.,4,20,4,4,2850.0,140000.0
"2550 Sq Ft Spacious Apartment For Rent In Baridhara, Block K",6,6,4,5,2550.0,140000.0
"A Beautiful Ready Flat With 3 Bedrooms Is Available For Rent At PC Culture Housing, M...",2,29,3,3,1250.0,24000.0
"2900 Sq.ft Spacious Apartment Is Up For Rent In Block K, Baridhara",6,6,3,3,2900.0,200000.0
A 1780 Sq Ft Apartment Is Available For Rent At Uttara Nearby Singapore International...,0,38,3,4,1780.0,40000.0
3500 Sq Ft Apartment For Rent At Gulshan 1,4,4,4,4,3500.0,250000.0
2500 Sq Ft Furnished Apartment For Rent At Gulshan 1,4,4,4,4,2500.0,250000.0
Offering You An Excellent 1800 Sq Ft Flat For Rent In Gulshan 1,4,4,3,3,1800.0,90000.0
Consider moving into this apartment of 1700 SQ FT in Baridhara for rent,6,6,4,3,1700.0,110000.0
1600 Sq Ft Flat With 3 Bedrooms Is Ready For Rent In Aftab Nagar,11,1,3,3,1600.0,30000.0
Secure Your Dream Flat Of 1250 Sq Ft In Bashundhara R-A Today!,1,37,3,3,1250.0,25000.0
Offering You Nice 1400 Sq Ft Apartment To Rent In Banasree,13,18,3,3,1400.0,30000.0
Modest 1456 Square Feet Apartment For Rent In Adabor,24,66,3,3,1456.0,23000.0
"Modest 1450 Square Feet Apartment For Rent In Mohammadpur, Pc Culture Housing",2,29,3,3,1450.0,25000.0
Ready To Rent | Well-maintained 1463 Sq Ft Apartment In Shyamoli,9,53,3,4,1463.0,30000.0
"1400 Square Feet Apartment For Rent In Adabor, Baitul Aman Housing Society",24,66,3,3,1400.0,28000.0
"At Kallyanpur, A Suitable Flat Is Up For Rent Which Is 1250 Sq Ft",5,5,3,3,1250.0,20000.0
4220 Sq Ft Semi Furnished Apartment At Gulshan Nearby Pharmacy Plus Is Up For Rent,4,20,3,4,4220.0,300000.0
Notable 2430 Square Feet Residential Apartment For Rent In Banani,20,136,3,3,2430.0,110000.0
A Great Residence For Renting Purposes With A Space Of 1850 Sq Ft Is Available In Bas...,1,22,3,4,1850.0,23000.0
"Pursue This 1350 Square Feet Apartment For Rent In Mirpur, Pirerbag",5,46,3,3,1350.0,25000.0
In The Location Of Darussalam An Apartment Of 1390 Sq.Ft Is For rent.,5,43,3,3,1390.0,19000.0
A 1870 Square Feet Residential Flat For Rent At Bashundhara R-a - Block G,1,8,3,3,1870.0,45000.0
"1200 Square Feet Apartment For Rent In Adabor, Baitul Aman Housing Society",24,66,3,3,1200.0,20000.0
For Rental Purpose 1887 Sq Ft Flat Is Now Up For Rent In Bashundhara R/a Close To Mez...,1,28,3,4,1887.0,38000.0
Grab This 3500 Sq Ft Apartment Ready For Rent In Banani Dohs,29,44,3,4,3500.0,300000.0
"Choose your destination, 4000 SQ FT flat which is available for Rent in Gulshan near ...",4,20,3,4,4000.0,220000.0
This 1200 Sq Ft Flat For Rent Is Located In Bashundhara R-A,1,6,3,3,1200.0,20000.0
Extravagant 3800 Sq Ft Ready Apartment For Rent In Baridhara,6,6,4,5,3800.0,250000.0
A well-constructed 1450 SQ FT flat is ready to Rent in New Market,32,100,3,3,1450.0,40000.0
Ready For A Spectacular Residential Property To Rent? This One&#039;s Located In Bash...,1,30,3,3,1800.0,40000.0
Reach The Zenith Of Lifestyles By Picking This 3 Bedroom Residence For Rent In Uttara...,0,86,3,3,1500.0,60000.0
1050 Sq Ft Flat Is Up For Rent In Mohammadpur Near To Winsome School &amp; College,2,47,3,3,1050.0,20000.0
"Make This 1500 Sq Ft Flat Your Next Residing Location, Which Is Up To Rent In Bashund...",1,8,3,3,1500.0,25000.0
1800 Sq Ft Full Furnished Flat For Rent In Bashundhara Near Daily Shopping,1,8,3,4,1800.0,75000.0
1250 Sq Ft Apartment For Rent In Mirpur With All Facilities,5,108,3,3,1250.0,20000.0
Obtain Your New Residence At This 2000 Sq Ft Apartment Up For Rent At Gulshan 1 Nearb...,4,4,3,3,2000.0,90000.0
This 3200 Sq Ft Flat For Rent In Baridhara-10,6,6,3,4,3200.0,250000.0
"3000 Sq Ft Spacious Flat For Rent In Baridhara, Block K",6,6,4,4,3000.0,120000.0
1315 Sq Ft Apartment Is Ready To Rent At Shyamoli,9,15,3,3,1315.0,21000.0
Explore A Ready 1250 Sq Ft Apartment For Rent In Bashundhara R-A Today!,1,37,3,3,1250.0,20000.0
A Nicely Planned Flat Is Up For Rent In Bashundhara Nearby Apollo Hospital,1,28,3,4,1890.0,38000.0
"A Nice Residential Full Furnished Flat For Rent Can Be Found In Gulshan 1, Nearby Al ...",4,4,2,2,2000.0,110000.0
A 1660 Square Feet Ready Flat For Rent Nearby Popular Medical College In Dhanmondi,3,15,3,3,1660.0,46000.0
1200 Square Feet Apartment Is For Rent In Adabor,24,66,3,3,1200.0,21000.0
2200 Sq Ft Vacant Flat For Rent In Uttara-12,0,49,3,6,2200.0,60000.0
An Apartment Is Up For Rent At Uttara Nearby Uttara University.,0,17,3,3,1600.0,50000.0
Apartment For Rent In Mohammadpur Near Mohammadpur Shia Masjid,2,137,3,3,1650.0,27000.0
2200 Sq Ft Wonderful Flat Is Now Up For Rent In Baridhara Block K.,6,6,3,3,2200.0,85000.0
"Take This Nice 1216 Sq Ft Rental Flat In Kallyanpur, To Fulfill Your Wish",5,5,3,3,1216.0,24000.0
1400 SQ FT nice and fine flat is now for rent in Aftab Nagar,11,18,3,3,1400.0,25000.0
An Apartment Of 2145 Sq Ft Is Ready For Rent At Uttara-7,0,86,2,3,2145.0,80000.0
4400 Sq Ft Residential Flat With 4 Bedrooms Is Up For Rent In Baridhara,6,6,4,4,4400.0,270000.0
"A 1240 Sq Ft Apartment For Rent In Aftab Nagar, Near East West University",11,18,3,3,1240.0,21000.0
Plan to move in this 3305 SQ FT flat which is up to Rent in Baridhara near to America...,6,6,4,4,3305.0,200000.0
1500 Sq Ft Nice Flat For Rent In Paribagh,38,138,3,3,1500.0,30000.0
A Nice Residential Flat For Rent Can Be Found In Baridhara Nearby High Commission Of ...,6,6,4,5,4700.0,300000.0
"In A Clam Location Of Japan Garden City, A Residential Place Is For Rent.",2,139,3,3,1041.0,55000.0
We Are Offering You A 3000 Sq Ft Ready Flat For Rent In Baridhara,6,6,4,4,3000.0,350000.0
Superb 1250 SQ FT flat is available to Rent in Bashundhara R-A,1,6,3,3,1250.0,20000.0
Shift In This 6300 Sq Ft Apartment Of Abundant Floor Space For Rent In Baridhara,6,6,4,5,6300.0,350000.0
An Attractive Apartment Is Available For Rent Covering An Area Of 3000 Sq Ft In Gulsh...,4,20,4,4,3000.0,230000.0
A 3500 Sq Ft Apartment Is Waiting For Rent At Baridhara Nearby High Commission Of Mal...,6,6,4,4,3500.0,270000.0
"This 1050 Sq Ft Flat Is Up For Rent Within Your Affordability, Is Located At Mohammad...",2,48,3,2,1050.0,22000.0
A Relaxing 1250 Sq Ft Residential Property Is Up For Rent At Mohammadia Housing Socie...,2,85,3,3,1250.0,22000.0
Reasonably Priced A Residential Flat Of 1550 Sq Ft Is Ready For Track Down In Nikunja...,7,7,3,3,1550.0,45000.0
"Flat Can Be Found In Gulshan 1 For Rent, Near Sea Breeze International School",4,4,3,4,2600.0,200000.0
Pleasant 1400 Sq Ft Flat For Rent In Mohammadpur,2,48,3,2,1400.0,23000.0
Standard 1250 Square Feet Apartment For Rent In Adabor,24,66,3,3,1250.0,22000.0
View This 1250 Sq Ft Apartment For Rent In Mirpur-12,5,51,3,3,1250.0,25000.0
Select Your Next Residing Place At This Nice Flat Of 1350 Sq Ft Which Is Up For Rent ...,13,18,3,3,1350.0,30000.0
West Agargaon Is Offering You A 1520 Sq Ft Flat For Rent,14,24,3,3,1520.0,26000.0
Reside In This 1500 Sq Ft Rental Property In The Location Of North Adabor,24,98,3,3,1500.0,30000.0
Take This 1575 Sq Ft Flat Up For Rent In Mirpur-15,5,140,3,3,1575.0,27000.0
1500 Sq Ft Flat Is Now Vacant To Rent In Uttara,0,49,3,3,1500.0,30000.0
"Live A Cheerful Life In This 2000 Sq Ft Flat To Rent In Baridhara, Block J",6,37,3,4,2000.0,45000.0
Great Location! Check Out This 3700 Sq Ft Semi Furnished Flat For Rent In Gulshan 1,4,4,3,4,3700.0,280000.0
"Deal With This 3000 Sq Ft Splendid Flat For Rent In Baridhara, K Block",6,6,4,4,3000.0,250000.0
"1380 Sq Ft Apartment With 3 Bedrooms Is Ready For Rent In Mirpur, Ahmed Nagar",5,54,3,3,1380.0,19000.0
"Grab This 1150 Square Feet Apartment For Rent In Mohammadpur, Japan Garden City",2,139,3,2,1150.0,40000.0
1200 Square Feet Apartment With 2 Bedrooms Is Ready For Rent In Uttara-7,0,86,2,2,1200.0,30000.0
"Affordable And Wonderful Residential Apartment Up For Rent In Mirpur, Kallyanpur.",5,5,3,3,1350.0,19000.0
See This Apartment Is Up For Rent In Mohammadpur Near Milestone School &amp; College.,2,85,3,3,1150.0,35000.0
"Sophisticated Style! This 3 Bedroom Apartment For Rent In Baridhara, Park Road Is All...",6,6,3,4,3200.0,235000.0
Amazing Flat Including 4 Bedroom Are Up For Rent In Gulshan 2,4,20,4,4,3850.0,320000.0
Start Living In This Gorgeous Flat Of 3850 Sq Ft Located At Gulshan 2 Unoccupied For ...,4,20,4,4,3850.0,320000.0
We Are Offering You A Very Spacious 3850 Sq Ft Flat For Rent In Gulshan 2,4,20,4,4,3850.0,320000.0
A Modern Well-planned Flat Of 3850 Sq Ft Is Up For Rent Is Situated In Gulshan 2,4,20,4,4,3850.0,320000.0
In An Urban Location This 4 Bedroom Home Is Vacant For Rent In West Shewrapara Close ...,5,41,4,3,1800.0,35000.0
"Fairly Large Apartment Of 1250 Sq Ft Is Ready For Rent In Mohammadi Housing Ltd, Moha...",2,48,3,2,1250.0,24000.0
Luxury All Around In This 3343 Sq.Ft Gulshan 1 Flat Which Is Near To Singapore School...,4,4,3,4,3343.0,140000.0
"Reside In This 1480 Sq Ft Flat For Rent In Bashundhara R-a, Block E",1,18,3,3,1480.0,37000.0
Excellent Flat Of 3000 Sq Ft Is All Set For Rent In The Fine Location Of Gulshan 1,4,4,4,4,3000.0,200000.0
A Well Designed 3000 Sq Ft Apartment Is Waiting For Rent At Gulshan 1 Nearby Club Not...,4,4,4,4,3000.0,180000.0
3600 Sq Ft Ready Semi Furnished Apartment For Rent In Gulshan 2,4,20,4,4,3600.0,350000.0
Here Is A Well Defined Flat Of 2100 Sq Ft Waiting For Rent At Gulshan 2,4,20,3,3,2100.0,100000.0
"1250 Sq Ft Apartment Is Ready For Rent In Aftab Nagar, Block A, Main Road",11,28,3,3,1250.0,25000.0
"In The Location Of Shantibag, 3-Bedroom Apartment Is Up To Rent",30,141,3,3,1300.0,35000.0
Standard 1200 Sq Ft Apartment Is Ready For Rent In West Rampura,23,71,3,3,1200.0,27000.0
1170 Sq Ft Apartment With 3 Bedrooms Is Ready For Rent In West Rampura,23,71,3,3,1170.0,30000.0
"Pursue This 1150 Sq Ft Flat For Rent In Dakshin Khan, Shah Kabir Mazar Road",28,142,3,3,1150.0,22000.0
"1500 Sq Ft Flat Is Available For Rent In Bashundhara R-a, Block G",1,8,3,3,1500.0,25000.0
Reside In This 2600 Sq Ft Full Furnished Apartment For Rent In Baridhara,6,6,3,3,2600.0,150000.0
View This 1000 Sq Ft Apartment Ready For Rent In West Rampura,23,71,2,2,1000.0,23000.0
Noticeable 1700 Sq Ft Ready Apartment For Rent In Maghbazar,12,23,3,3,1700.0,35000.0
1800 Sq Ft Modest Apartment For Rent In Mirpur 1,5,27,4,4,1800.0,26000.0
